Rank,Ticker,Sector,Industry,Universe,Relative Strength,Percentile,1 Month Ago,3 Months Ago,6 Months Ago,Open,High,Low,Close
1,WDC,Information Technology,"Technology Hardware, Storage & Peripherals",S&P 500,404.87,99,99,99,99,377.489990234375,389.70001220703125,369.5,383.80999755859375
2,CIEN,Information Technology,Communications Equipment,S&P 500,391.31,99,99,99,99,507.7699890136719,522.4998779296875,493.5400085449219,505.92999267578125
3,STX,Information Technology,"Technology Hardware, Storage & Peripherals",S&P 500,309.08,99,99,99,98,543.010009765625,567.6950073242188,536.030029296875,559.9000244140625
4,COHR,Information Technology,Electronic Components,S&P 500,291.53,99,98,98,95,352.94000244140625,362.5362854003906,340.7099914550781,343.7900085449219
5,TER,Information Technology,Semiconductor Materials & Equipment,S&P 500,275.97,99,99,98,93,379.1549987792969,387.44500732421875,375.92999267578125,379.92999267578125
6,MU,Information Technology,Semiconductors,S&P 500,272.75,99,99,99,99,451.4649963378906,457.82000732421875,441.29998779296875,449.3800048828125
7,SATS,Communication Services,Wireless Telecommunication Services,S&P 500,248.59,98,99,99,99,137.08999633789062,137.38999938964844,122.79000091552734,123.86000061035156
8,FIX,Industrials,Construction & Engineering,S&P 500,234.26,98,98,97,98,1705.2900390625,1719.0,1661.9100341796875,1674.1600341796875
9,GLW,Information Technology,Electronic Components,S&P 500,225.81,98,98,95,97,166.4600067138672,170.27000427246094,163.80999755859375,165.4499969482422
10,VRT,Industrials,Electrical Components & Equipment,S&P 500,219.34,98,98,88,97,316.1000061035156,323.03790283203125,310.8500061035156,312.44000244140625
11,LRCX,Information Technology,Semiconductor Materials & Equipment,S&P 500,193.48,98,98,98,97,263.79998779296875,265.6000061035156,256.7099914550781,258.3699951171875
12,MRVL,Technology,Semiconductors,Nasdaq 100,188.47,97,77,36,64,148.57000732421875,154.9499969482422,147.8800048828125,151.30999755859375
13,INTC,Information Technology,Semiconductors,S&P 500,187.39,97,95,97,97,67.1500015258789,67.66999816894531,65.63999938964844,66.26000213623047
14,ALB,Materials,Specialty Chemicals,S&P 500,186.54,97,97,99,87,195.1199951171875,199.47900390625,193.6999969482422,198.4199981689453
15,KEYS,Information Technology,Electronic Equipment & Instruments,S&P 500,174.37,97,96,84,46,335.0899963378906,342.4200134277344,334.30499267578125,339.29998779296875
16,GEV,Industrials,Heavy Electrical Equipment,S&P 500,170.93,97,96,85,91,994.0,1016.0,984.6199951171875,991.2999877929688
17,DELL,Information Technology,"Technology Hardware, Storage & Peripherals",S&P 500,169.53,96,91,18,92,205.85000610351562,214.32989501953125,205.5,212.36000061035156
18,MPWR,Information Technology,Semiconductors,S&P 500,168.71,96,90,90,95,1502.260009765625,1548.0,1501.18994140625,1527.949951171875
19,AMAT,Information Technology,Semiconductor Materials & Equipment,S&P 500,163.71,96,97,96,87,393.0,397.510009765625,391.05499267578125,394.3299865722656
20,APA,Energy,Oil & Gas Exploration & Production,S&P 500,162.81,96,97,81,73,36.20000076293945,37.65999984741211,35.83000183105469,37.599998474121094
21,WBD,Communication Services,Broadcasting,S&P 500,159.32,96,97,98,98,27.40999984741211,27.450000762939453,27.270000457763672,27.309999465942383
22,KLAC,Information Technology,Semiconductor Materials & Equipment,S&P 500,156.56,95,95,97,95,1811.5799560546875,1823.27001953125,1772.4300537109375,1785.3699951171875
23,CAT,Industrials,Construction Machinery & Heavy Transportation Equipment,S&P 500,155.82,95,96,94,90,804.8800048828125,820.2000122070312,797.7899780273438,800.4500122070312
24,AMD,Information Technology,Semiconductors,S&P 500,153.18,95,87,97,97,277.32501220703125,286.20001220703125,276.6199951171875,284.489990234375
25,JBL,Information Technology,Electronic Manufacturing Services,S&P 500,148.53,95,87,85,84,333.45001220703125,338.45001220703125,330.80999755859375,333.67999267578125
26,ON,Information Technology,Semiconductors,S&P 500,146.18,95,75,78,29,85.93000030517578,87.51000213623047,84.75,86.91000366210938
27,ANET,Information Technology,Communications Equipment,S&P 500,142.54,94,83,70,94,170.0,173.85000610351562,167.22000122070312,172.86000061035156
28,ASML,Technology,Industrial Machinery,Nasdaq 100,141.88,94,94,97,94,1476.5,1480.1700439453125,1446.25,1458.969970703125
29,MRNA,Health Care,Biotechnology,S&P 500,141.8,94,97,96,1,53.900001525878906,56.20000076293945,51.68000030517578,54.22999954223633
30,CMI,Industrials,Construction Machinery & Heavy Transportation Equipment,S&P 500,141.09,94,91,95,83,636.6099853515625,647.0,633.760009765625,638.989990234375
31,FDX,Industrials,Air Freight & Logistics,S&P 500,141.0,94,93,83,46,395.4800109863281,399.6698913574219,391.75,394.5899963378906
32,PWR,Industrials,Construction & Engineering,S&P 500,139.64,93,95,81,87,609.6699829101562,611.5999755859375,602.0,605.8900146484375
33,VLO,Energy,Oil & Gas Refining & Marketing,S&P 500,138.9,93,96,85,89,226.6999969482422,234.27000427246094,224.36000061035156,233.38999938964844
34,ADI,Information Technology,Semiconductors,S&P 500,138.38,93,86,90,65,382.5899963378906,383.39849853515625,373.3399963378906,375.2699890136719
35,STLD,Materials,Steel,S&P 500,135.31,93,75,88,81,211.5,225.83990478515625,211.3800048828125,220.2100067138672
36,HAL,Energy,Oil & Gas Equipment & Services,S&P 500,135.15,93,95,91,68,38.029998779296875,38.689998626708984,37.63999938964844,38.150001525878906
37,JBHT,Industrials,Cargo Ground Transportation,S&P 500,134.75,93,86,88,62,253.0399932861328,256.17999267578125,249.6199951171875,251.08999633789062
38,AVGO,Information Technology,Semiconductors,S&P 500,133.19,92,76,75,96,398.80999755859375,403.6000061035156,394.57000732421875,402.1700134277344
39,CHRW,Industrials,Air Freight & Logistics,S&P 500,132.88,92,89,96,86,183.25,185.25,180.10000610351562,183.63999938964844
40,HPE,Information Technology,"Technology Hardware, Storage & Peripherals",S&P 500,132.35,92,61,37,83,27.969999313354492,29.6299991607666,27.959999084472656,28.760000228881836
41,TPR,Consumer Discretionary,"Apparel, Accessories & Luxury Goods",S&P 500,131.99,92,94,93,96,152.91000366210938,154.33999633789062,148.16000366210938,150.5
42,VTRS,Health Care,Pharmaceuticals,S&P 500,131.72,92,88,92,60,14.84000015258789,15.0,14.625,14.729999542236328
43,FCX,Materials,Copper,S&P 500,131.56,91,83,94,47,70.0,70.70999908447266,67.45999908447266,67.56999969482422
44,EME,Industrials,Construction & Engineering,S&P 500,131.09,91,91,77,95,835.010009765625,842.5,829.4299926757812,838.010009765625
45,DOW,Materials,Commodity Chemicals,S&P 500,130.51,91,93,43,5,36.880001068115234,38.32500076293945,36.97999954223633,38.310001373291016
46,GOOGL,Communication Services,Interactive Media & Services,S&P 500,130.03,91,90,95,94,337.68499755859375,339.3399963378906,331.4200134277344,332.2900085449219
47,NUE,Materials,Steel,S&P 500,129.54,91,76,92,56,202.66000366210938,210.1649932861328,202.66000366210938,208.05999755859375
48,C,Financials,Diversified Banks,S&P 500,128.72,90,81,88,86,133.59500122070312,135.27999877929688,131.25999450683594,131.67999267578125
49,GOOG,Communication Services,Interactive Media & Services,S&P 500,128.57,90,89,95,94,335.5799865722656,337.1700134277344,329.6300048828125,330.4700012207031
50,STT,Financials,Asset Management & Custody Banks,S&P 500,127.4,90,70,78,73,150.47000122070312,156.17999267578125,151.2899932861328,153.57000732421875
51,NTRS,Financials,Asset Management & Custody Banks,S&P 500,127.01,90,68,86,66,162.0,173.18499755859375,159.9730987548828,171.74000549316406
52,ROST,Consumer Discretionary,Apparel Retail,S&P 500,126.91,90,93,84,66,228.5500030517578,229.6750030517578,224.6199951171875,225.58999633789062
53,CASY,Consumer Staples,Food Retail,S&P 500,126.59,89,88,84,71,766.5599975585938,784.2000122070312,765.280029296875,781.8200073242188
54,CF,Materials,Fertilizers & Agricultural Chemicals,S&P 500,126.37,89,94,50,33,115.63999938964844,122.47000122070312,115.5999984741211,121.30999755859375
55,APH,Information Technology,Electronic Components,S&P 500,125.59,89,85,94,96,153.99000549316406,155.45689392089844,151.27000427246094,151.92999267578125
56,ARM,Technology,Semiconductors,Nasdaq 100,125.0,89,61,2,83,174.99000549316406,179.39999389648438,173.3000030517578,175.49000549316406
57,GNRC,Industrials,Electrical Components & Equipment,S&P 500,124.47,89,92,61,81,216.08999633789062,219.99000549316406,213.64999389648438,213.85000610351562
58,ODFL,Industrials,Cargo Ground Transportation,S&P 500,123.97,88,81,64,5,223.92999267578125,226.99000549316406,222.10000610351562,224.4199981689453
59,LYB,Materials,Specialty Chemicals,S&P 500,123.8,88,93,21,2,69.26000213623047,71.5999984741211,68.77999877929688,71.41999816894531
60,EQIX,Real Estate,Data Center REITs,S&P 500,123.4,88,81,21,35,1104.5999755859375,1108.18994140625,1087.1700439453125,1094.3399658203125
61,MAR,Consumer Discretionary,"Hotels, Resorts & Cruise Lines",S&P 500,123.25,88,79,75,41,377.3399963378906,380.0,373.1400146484375,375.45001220703125
62,SLB,Energy,Oil & Gas Equipment & Services,S&P 500,123.07,88,89,89,33,52.70000076293945,53.73080062866211,52.6349983215332,52.77000045776367
63,HWM,Industrials,Aerospace & Defense,S&P 500,122.98,87,88,86,92,254.42999267578125,255.1999969482422,245.72000122070312,247.72000122070312
64,TRGP,Energy,Oil & Gas Storage & Transportation,S&P 500,122.98,87,90,65,12,233.66000366210938,234.33999633789062,230.39999389648438,232.64999389648438
65,BG,Consumer Staples,Agricultural Products & Services,S&P 500,122.82,87,94,89,77,123.58999633789062,126.1500015258789,122.56500244140625,125.83000183105469
66,DD,Materials,Specialty Chemicals,S&P 500,122.73,87,87,92,62,46.9900016784668,47.45000076293945,46.439998626708984,46.709999084472656
67,BK,Financials,Asset Management & Custody Banks,S&P 500,122.59,87,75,82,80,136.11000061035156,139.1199951171875,135.32000732421875,137.9199981689453
68,Q,Information Technology,Semiconductor Materials & Equipment,S&P 500,122.18,87,87,35,32,138.89999389648438,138.99000549316406,133.80499267578125,134.85000610351562
69,JCI,Industrials,Building Products,S&P 500,122.16,86,86,72,86,140.77999877929688,142.23500061035156,139.0449981689453,139.72000122070312
70,DVN,Energy,Oil & Gas Exploration & Production,S&P 500,122.13,86,92,71,26,44.939998626708984,45.724998474121094,44.5099983215332,45.599998474121094
71,NEM,Materials,Gold,S&P 500,120.62,86,90,98,94,114.01000213623047,114.87999725341797,109.17009735107422,109.30000305175781
72,OXY,Energy,Oil & Gas Exploration & Production,S&P 500,120.38,86,92,37,20,54.5,56.47999954223633,54.33000183105469,56.33000183105469
73,CSCO,Information Technology,Communications Equipment,S&P 500,120.02,86,72,69,72,87.91000366210938,89.79499816894531,87.16100311279297,89.69999694824219
74,GM,Consumer Discretionary,Automobile Manufacturers,S&P 500,119.96,85,84,92,90,80.44000244140625,81.19999694824219,79.0,79.05000305175781
75,TGT,Consumer Staples,Consumer Staples Merchandise Retail,S&P 500,119.86,85,82,50,8,130.35000610351562,133.08999633789062,129.6999969482422,132.10000610351562
76,MPC,Energy,Oil & Gas Refining & Marketing,S&P 500,119.78,85,92,47,84,215.8699951171875,220.7899932861328,213.05999755859375,220.35000610351562
77,BKR,Energy,Oil & Gas Equipment & Services,S&P 500,119.4,85,93,77,68,59.880001068115234,60.36000061035156,59.63999938964844,60.25
78,CFG,Financials,Regional Banks,S&P 500,118.95,85,78,90,75,66.0,66.8499984741211,65.07499694824219,65.30000305175781
79,FANG,Energy,Oil & Gas Exploration & Production,S&P 500,118.93,84,87,44,19,184.4600067138672,189.97999572753906,183.08999633789062,189.8000030517578
80,IBKR,Financials,Investment Banking & Brokerage,S&P 500,118.37,84,81,90,91,81.33999633789062,82.41000366210938,79.2249984741211,79.62000274658203
81,COP,Energy,Oil & Gas Exploration & Production,S&P 500,118.06,84,91,49,17,117.04000091552734,120.62000274658203,116.72000122070312,120.26000213623047
82,EXPE,Consumer Discretionary,"Hotels, Resorts & Cruise Lines",S&P 500,117.51,84,64,93,87,273.239990234375,279.76129150390625,271.1199951171875,273.79998779296875
83,HST,Real Estate,Hotel & Resort REITs,S&P 500,117.09,84,77,74,50,21.375,21.540000915527344,21.045000076293945,21.1200008392334
84,MCHP,Information Technology,Semiconductors,S&P 500,116.77,83,53,81,52,80.48999786376953,81.86000061035156,80.23999786376953,80.93000030517578
85,HUBB,Industrials,Industrial Machinery & Supplies & Components,S&P 500,116.23,83,81,68,45,546.8599853515625,553.8289794921875,545.0700073242188,549.1099853515625
86,RL,Consumer Discretionary,"Apparel, Accessories & Luxury Goods",S&P 500,116.1,83,74,85,90,389.3699951171875,393.4100036621094,380.923095703125,386.7699890136719
87,NVDA,Information Technology,Semiconductors,S&P 500,116.08,83,68,78,89,202.1300048828125,202.75,199.0,199.8800048828125
88,PH,Industrials,Industrial Machinery & Supplies & Components,S&P 500,116.03,83,82,87,70,998.6300048828125,1001.280029296875,964.8599853515625,972.6900024414062
89,PSX,Energy,Oil & Gas Refining & Marketing,S&P 500,115.68,82,92,70,67,157.5500030517578,160.0800018310547,155.71080017089844,159.3800048828125
90,HLT,Consumer Discretionary,"Hotels, Resorts & Cruise Lines",S&P 500,115.66,82,71,72,50,342.05999755859375,343.9800109863281,339.3800048828125,340.2099914550781
91,TXN,Information Technology,Semiconductors,S&P 500,115.34,82,54,60,19,234.5,236.0,230.63999938964844,233.14999389648438
92,CTRA,Energy,Oil & Gas Exploration & Production,S&P 500,115.33,82,88,62,24,31.5,31.979999542236328,31.1200008392334,31.850000381469727
93,BIIB,Health Care,Biotechnology,S&P 500,114.98,82,83,79,57,184.52000427246094,187.74000549316406,181.75,185.9499969482422
94,MS,Financials,Investment Banking & Brokerage,S&P 500,114.83,81,66,84,85,190.7899932861328,193.1199951171875,188.72000122070312,189.30999755859375
95,TEL,Information Technology,Electronic Manufacturing Services,S&P 500,114.7,81,55,74,93,248.1199951171875,252.55999755859375,242.64999389648438,243.17999267578125
96,XOM,Energy,Integrated Oil & Gas,S&P 500,114.21,81,93,78,48,147.3699951171875,148.80990600585938,146.24000549316406,148.36000061035156
97,CSX,Industrials,Rail Transportation,S&P 500,114.05,81,76,58,61,43.63999938964844,43.79499816894531,43.22999954223633,43.369998931884766
98,GS,Financials,Investment Banking & Brokerage,S&P 500,113.87,81,72,91,85,944.5,952.010009765625,922.5399780273438,926.5499877929688
99,TPL,Energy,Oil & Gas Exploration & Production,S&P 500,113.79,81,96,25,4,437.7799987792969,444.75,436.6260070800781,437.7200012207031
100,HII,Industrials,Aerospace & Defense,S&P 500,113.76,80,94,96,85,389.010009765625,390.0,377.2900085449219,378.2099914550781
101,IRM,Real Estate,Other Specialized REITs,S&P 500,113.32,80,74,23,55,120.70999908447266,120.9800033569336,117.73999786376953,117.83000183105469
102,HAS,Consumer Discretionary,Leisure Products,S&P 500,112.92,80,86,86,75,95.7699966430664,96.04499816894531,87.81999969482422,91.06999969482422
103,EBAY,Consumer Discretionary,Broadline Retail,S&P 500,112.23,80,70,74,91,106.75,107.33999633789062,103.89299774169922,105.4000015258789
104,GRMN,Consumer Discretionary,Consumer Electronics,S&P 500,111.97,80,74,15,83,267.5,269.6700134277344,265.4599914550781,265.489990234375
105,WAB,Industrials,Construction Machinery & Heavy Transportation Equipment,S&P 500,111.92,79,79,71,45,264.79998779296875,265.4100036621094,255.7050018310547,257.6300048828125
106,EIX,Utilities,Electric Utilities,S&P 500,111.89,79,86,61,32,70.77999877929688,71.21499633789062,69.55000305175781,69.7300033569336
107,DLR,Real Estate,Data Center REITs,S&P 500,111.77,79,68,19,55,203.94000244140625,204.94000244140625,201.16000366210938,201.27000427246094
108,MRK,Health Care,Pharmaceuticals,S&P 500,111.53,79,87,83,34,116.48999786376953,116.5250015258789,111.91000366210938,112.55999755859375
109,DAL,Industrials,Passenger Airlines,S&P 500,111.13,79,72,79,67,70.5,71.77999877929688,69.59239959716797,70.22000122070312
110,KEY,Financials,Regional Banks,S&P 500,111.04,78,62,82,47,22.270000457763672,22.545000076293945,22.014999389648438,22.100000381469727
111,ETN,Industrials,Electrical Components & Equipment,S&P 500,110.67,78,66,20,63,410.6199951171875,418.3699951171875,409.1300048828125,409.70001220703125
112,BEN,Financials,Asset Management & Custody Banks,S&P 500,110.54,78,61,76,65,27.75,28.274999618530273,27.200000762939453,27.239999771118164
113,CVX,Energy,Integrated Oil & Gas,S&P 500,110.39,78,90,63,49,183.97000122070312,186.3699951171875,182.34010314941406,185.97999572753906
114,NDSN,Industrials,Industrial Machinery & Supplies & Components,S&P 500,110.32,78,80,80,61,283.5,287.0400085449219,282.5799865722656,282.7200012207031
115,ETR,Utilities,Electric Utilities,S&P 500,110.23,77,76,49,79,114.58999633789062,114.69550323486328,110.5,111.23999786376953
116,AME,Industrials,Electrical Components & Equipment,S&P 500,110.05,77,70,76,55,236.3300018310547,237.56500244140625,233.02499389648438,233.5399932861328
117,CAH,Health Care,Health Care Distributors,S&P 500,109.68,77,84,93,77,210.5,211.02499389648438,204.5800018310547,204.9199981689453
118,CVNA,Consumer Discretionary,Automotive Retail,S&P 500,109.6,77,28,96,90,403.44000244140625,412.3500061035156,396.5101013183594,400.9200134277344
119,WMT,Consumer Staples,Consumer Staples Merchandise Retail,S&P 500,109.54,77,79,74,63,127.99500274658203,129.77000427246094,127.4800033569336,129.60000610351562
120,PCAR,Industrials,Construction Machinery & Heavy Transportation Equipment,S&P 500,109.45,76,73,79,40,128.19000244140625,129.30999755859375,125.25,126.18000030517578
121,WELL,Real Estate,Health Care REITs,S&P 500,109.31,76,78,73,81,209.24000549316406,209.38499450683594,201.38999938964844,206.38999938964844
122,SPG,Real Estate,Retail REITs,S&P 500,109.3,76,59,62,60,207.07000732421875,208.27000427246094,204.66000366210938,204.75999450683594
123,BMY,Health Care,Pharmaceuticals,S&P 500,109.24,76,70,69,12,59.150001525878906,59.724998474121094,57.790000915527344,59.38999938964844
124,TT,Industrials,Building Products,S&P 500,109.22,76,62,23,58,480.0,484.8999938964844,476.2900085449219,479.1199951171875
125,EOG,Energy,Oil & Gas Exploration & Production,S&P 500,109.18,75,85,23,13,129.88999938964844,132.91000366210938,129.25,132.42999267578125
126,FER,Industrials,"Military, Government, Technical",Nasdaq 100,109.15,75,69,83,91,71.19999694824219,71.48999786376953,69.91999816894531,70.25
127,DVA,Health Care,Health Care Services,S&P 500,109.06,75,78,3,6,150.3000030517578,151.50999450683594,149.4600067138672,149.89999389648438
128,USB,Financials,Diversified Banks,S&P 500,109.03,75,62,78,54,57.099998474121094,58.04999923706055,56.70000076293945,56.84000015258789
129,PLD,Real Estate,Industrial REITs,S&P 500,108.99,75,72,62,69,145.25,145.26499938964844,141.3350067138672,141.9199981689453
130,ROK,Industrials,Electrical Components & Equipment,S&P 500,108.98,74,59,88,81,414.5899963378906,421.0318908691406,409.989990234375,410.0400085449219
131,IVZ,Financials,Asset Management & Custody Banks,S&P 500,108.89,74,82,94,87,24.950000762939453,25.56369972229004,24.940000534057617,24.969999313354492
132,JNJ,Health Care,Pharmaceuticals,S&P 500,108.72,74,89,87,77,229.35000610351562,229.69000244140625,224.6999969482422,226.16000366210938
133,LVS,Consumer Discretionary,Casinos & Gaming,S&P 500,108.62,74,55,82,85,57.220001220703125,57.93000030517578,56.814998626708984,57.540000915527344
134,CBOE,Financials,Financial Exchanges & Data,S&P 500,108.51,74,80,77,54,302.7300109863281,305.3999938964844,299.010009765625,299.25
135,PNC,Financials,Diversified Banks,S&P 500,107.76,74,58,77,36,227.02000427246094,230.25,226.8300018310547,228.0500030517578
136,LHX,Industrials,Aerospace & Defense,S&P 500,107.69,73,89,92,78,346.6000061035156,347.3500061035156,336.4700012207031,340.29998779296875
137,INCY,Health Care,Biotechnology,S&P 500,107.38,73,69,90,88,97.05500030517578,97.23999786376953,94.95500183105469,96.22000122070312
138,INSM,Health Care,Biotechnology,Nasdaq 100,107.3,73,75,94,98,142.4199981689453,144.07000732421875,139.5850067138672,140.97999572753906
139,APP,Information Technology,Application Software,S&P 500,107.27,73,38,87,99,489.5,491.989990234375,470.5010070800781,473.17999267578125
140,CTVA,Materials,Fertilizers & Agricultural Chemicals,S&P 500,107.03,73,74,60,28,80.56999969482422,81.00499725341797,79.4800033569336,80.3499984741211
141,DE,Industrials,Agricultural & Farm Machinery,S&P 500,106.98,72,80,52,39,592.5599975585938,598.6599731445312,586.6099853515625,587.2999877929688
142,BALL,Materials,"Metal, Glass & Plastic Containers",S&P 500,106.83,72,69,58,10,64.56999969482422,65.06999969482422,63.1349983215332,63.36000061035156
143,FITB,Financials,Regional Banks,S&P 500,106.82,72,56,81,43,51.150001525878906,51.86000061035156,50.904998779296875,51.099998474121094
144,DOV,Industrials,Industrial Machinery & Supplies & Components,S&P 500,106.72,72,75,66,28,221.77000427246094,224.10499572753906,219.71499633789062,220.27999877929688
145,PFG,Financials,Life & Health Insurance,S&P 500,106.54,72,55,72,38,95.97000122070312,97.44999694824219,95.41999816894531,95.7300033569336
146,AKAM,Information Technology,Internet Services & Infrastructure,S&P 500,106.53,71,91,73,8,97.97000122070312,99.44000244140625,95.77999877929688,98.08000183105469
147,ADM,Consumer Staples,Agricultural Products & Services,S&P 500,106.5,71,85,79,75,68.68000030517578,69.91999816894531,68.08000183105469,69.83000183105469
148,REGN,Health Care,Biotechnology,S&P 500,106.07,71,72,81,18,746.219970703125,751.5399780273438,734.1199951171875,747.3599853515625
149,LUV,Industrials,Passenger Airlines,S&P 500,106.04,71,71,91,57,41.5,42.02000045776367,40.58000183105469,40.91999816894531
150,HCA,Health Care,Health Care Facilities,S&P 500,105.88,71,83,83,88,478.1300048828125,479.0799865722656,465.30999755859375,471.17999267578125
151,FTV,Industrials,Industrial Machinery & Supplies & Components,S&P 500,105.79,70,51,44,18,60.470001220703125,61.709999084472656,60.77000045776367,61.029998779296875
152,TFC,Financials,Diversified Banks,S&P 500,105.65,70,48,72,48,50.91999816894531,51.75,50.875,51.06999969482422
153,WMB,Energy,Oil & Gas Storage & Transportation,S&P 500,105.26,70,84,63,41,71.30000305175781,71.76000213623047,69.72000122070312,70.43000030517578
154,MGM,Consumer Discretionary,Casinos & Gaming,S&P 500,105.01,70,58,36,16,39.5,40.459999084472656,39.040000915527344,39.11000061035156
155,AMZN,Consumer Discretionary,Broadline Retail,S&P 500,104.93,70,40,57,53,254.72000122070312,255.0,249.10000610351562,249.91000366210938
156,EXPD,Industrials,Air Freight & Logistics,S&P 500,104.87,69,63,91,52,149.58999633789062,151.77499389648438,148.61000061035156,150.97999572753906
157,NEE,Utilities,Multi-Utilities,S&P 500,104.7,69,83,69,78,92.5,92.58999633789062,90.55999755859375,90.5999984741211
158,SYF,Financials,Consumer Finance,S&P 500,104.62,69,37,67,79,77.38999938964844,80.22000122070312,76.25,77.62999725341797
159,AEP,Utilities,Electric Utilities,S&P 500,104.61,69,80,56,62,133.97999572753906,133.97999572753906,131.77000427246094,131.88999938964844
160,KMI,Energy,Oil & Gas Storage & Transportation,S&P 500,104.56,69,85,59,30,31.950000762939453,32.17499923706055,31.145000457763672,31.56999969482422
161,ALGN,Health Care,Health Care Supplies,S&P 500,104.49,68,73,29,0,193.36000061035156,200.25,192.35000610351562,195.1999969482422
162,RF,Financials,Regional Banks,S&P 500,104.14,68,52,74,43,28.299999237060547,28.700000762939453,28.110000610351562,28.350000381469727
163,L,Financials,Multi-line Insurance,S&P 500,104.07,68,64,60,69,110.98999786376953,112.1500015258789,110.875,111.48999786376953
164,RTX,Industrials,Aerospace & Defense,S&P 500,103.97,68,84,87,87,194.61000061035156,196.6199951171875,186.5500030517578,187.1699981689453
165,VZ,Communication Services,Integrated Telecommunication Services,S&P 500,103.85,68,84,38,25,46.52000045776367,47.01499938964844,46.1349983215332,46.27000045776367
166,GL,Financials,Life & Health Insurance,S&P 500,103.65,68,49,48,54,151.85000610351562,152.14999389648438,150.02999877929688,150.9199981689453
167,LMT,Industrials,Aerospace & Defense,S&P 500,103.18,67,88,83,53,580.2899780273438,580.9749755859375,568.8599853515625,571.9500122070312
168,MTB,Financials,Regional Banks,S&P 500,103.16,67,53,73,29,219.05999755859375,222.11990356445312,218.07000732421875,218.89999389648438
169,CB,Financials,Property & Casualty Insurance,S&P 500,103.06,67,67,55,39,328.80999755859375,331.3500061035156,326.010009765625,329.2900085449219
170,AAPL,Information Technology,"Technology Hardware, Storage & Peripherals",S&P 500,102.98,67,53,51,80,271.44500732421875,272.79998779296875,265.3999938964844,266.1700134277344
171,VTR,Real Estate,Health Care REITs,S&P 500,102.98,67,77,71,60,84.48999786376953,84.68550109863281,81.2750015258789,82.11000061035156
172,QQQ,--- Reference ---,--- Reference ---,--- Reference ---,102.97,66,53,65,77,648.3900146484375,650.2000122070312,642.2100219726562,644.3300170898438
173,FFIV,Information Technology,Communications Equipment,S&P 500,102.93,66,50,12,57,314.9100036621094,319.67999267578125,314.30499267578125,315.55999755859375
174,FRT,Real Estate,Retail REITs,S&P 500,102.83,66,60,46,42,112.29000091552734,112.41000366210938,111.0199966430664,111.12999725341797
175,GWW,Industrials,Industrial Machinery & Supplies & Components,S&P 500,102.55,66,54,43,17,1162.81005859375,1176.47998046875,1160.0899658203125,1171.030029296875
176,DGX,Health Care,Health Care Services,S&P 500,102.53,66,67,49,58,203.25,209.7899932861328,202.1300048828125,205.0399932861328
177,TDY,Information Technology,Electronic Equipment & Instruments,S&P 500,102.41,65,81,73,44,644.469970703125,646.5999755859375,632.6890869140625,642.7899780273438
178,PFE,Health Care,Pharmaceuticals,S&P 500,102.34,65,67,57,35,27.520000457763672,27.6200008392334,27.200000762939453,27.309999465942383
179,SRE,Utilities,Multi-Utilities,S&P 500,102.23,65,79,44,70,94.5,94.57499694824219,92.72000122070312,93.1500015258789
180,NTAP,Information Technology,"Technology Hardware, Storage & Peripherals",S&P 500,102.2,65,34,12,63,106.87000274658203,113.77999877929688,106.87000274658203,111.80000305175781
181,WST,Health Care,Health Care Supplies,S&P 500,102.19,64,42,8,53,278.0,281.18499755859375,274.0799865722656,274.7200012207031
182,EA,Communication Services,Interactive Home Entertainment,S&P 500,102.19,64,76,84,92,203.10000610351562,203.55999755859375,203.0,203.5500030517578
183,TJX,Consumer Discretionary,Apparel Retail,S&P 500,102.06,64,74,71,70,160.07000732421875,160.69000244140625,158.47999572753906,159.25
184,SNA,Industrials,Industrial Machinery & Supplies & Components,S&P 500,102.01,64,65,62,55,386.3800048828125,389.8949890136719,383.4700012207031,383.5799865722656
185,KIM,Real Estate,Retail REITs,S&P 500,101.97,64,68,29,43,24.079999923706055,24.170000076293945,23.690000534057617,23.690000534057617
186,TSN,Consumer Staples,Packaged Foods & Meats,S&P 500,101.91,64,58,67,21,63.529998779296875,64.79000091552734,63.0099983215332,64.56999969482422
187,REG,Real Estate,Retail REITs,S&P 500,101.86,63,62,37,42,81.12000274658203,81.29000091552734,79.87999725341797,80.01000213623047
188,TRV,Financials,Property & Casualty Insurance,S&P 500,101.84,63,60,51,49,301.4599914550781,302.760009765625,298.5799865722656,301.4200134277344
189,BAC,Financials,Diversified Banks,S&P 500,101.66,63,39,61,76,54.0,54.650001525878906,53.21099853515625,53.47999954223633
190,AES,Utilities,Independent Power Producers & Energy Traders,S&P 500,101.66,63,74,72,75,14.5,14.520000457763672,14.4399995803833,14.4399995803833
191,OKE,Energy,Oil & Gas Storage & Transportation,S&P 500,101.65,63,79,31,2,84.41000366210938,84.9000015258789,83.3499984741211,84.69000244140625
192,GILD,Health Care,Biotechnology,S&P 500,101.55,62,81,80,76,136.14999389648438,136.3350067138672,132.22000122070312,133.2899932861328
193,IEX,Industrials,Industrial Machinery & Supplies & Components,S&P 500,101.32,62,63,53,18,206.82000732421875,209.2100067138672,204.75,204.7899932861328
194,HIG,Financials,Property & Casualty Insurance,S&P 500,100.76,62,53,51,44,139.3000030517578,139.97000122070312,138.25999450683594,139.14999389648438
195,ALL,Financials,Property & Casualty Insurance,S&P 500,100.62,62,49,38,36,215.3800048828125,218.9949951171875,215.3800048828125,216.33999633789062
196,NSC,Industrials,Rail Transportation,S&P 500,100.35,62,58,57,62,305.0199890136719,305.9800109863281,300.82550048828125,302.2200012207031
197,NI,Utilities,Multi-Utilities,S&P 500,100.28,62,70,49,66,48.09000015258789,48.16999816894531,46.915000915527344,46.93000030517578
198,SPY,--- Reference ---,--- Reference ---,--- Reference ---,100.0,61,51,62,68,710.280029296875,711.2750244140625,702.6400146484375,704.0800170898438
199,AMGN,Health Care,Biotechnology,S&P 500,99.95,61,76,76,32,350.2250061035156,350.2250061035156,340.05999755859375,344.8599853515625
200,UNP,Industrials,Rail Transportation,S&P 500,99.91,61,53,40,25,253.52000427246094,253.52000427246094,248.5,251.25
201,APD,Materials,Industrial Gases,S&P 500,99.72,61,58,22,8,296.0,298.96160888671875,293.4599914550781,294.7799987792969
202,JPM,Financials,Diversified Banks,S&P 500,99.67,60,46,52,70,317.489990234375,320.2349853515625,312.75,313.0
203,CRH,Materials,Construction Materials,S&P 500,99.67,60,41,73,84,118.79000091552734,119.66500091552734,116.7300033569336,117.36000061035156
204,CINF,Financials,Property & Casualty Insurance,S&P 500,99.66,60,50,54,62,166.44000244140625,167.72999572753906,164.89999389648438,166.4600067138672
205,EMR,Industrials,Electrical Components & Equipment,S&P 500,99.59,60,49,68,57,147.05999755859375,148.42999267578125,144.30499267578125,144.8300018310547
206,ATO,Utilities,Gas Utilities,S&P 500,99.32,60,73,44,72,187.35000610351562,186.8699951171875,182.67999267578125,182.92999267578125
207,WSM,Consumer Discretionary,Homefurnishing Retail,S&P 500,99.3,60,50,65,64,204.55999755859375,208.73500061035156,201.66000366210938,202.27999877929688
208,EVRG,Utilities,Electric Utilities,S&P 500,99.02,59,73,55,76,81.88999938964844,81.88999938964844,80.12000274658203,80.3499984741211
209,HSIC,Health Care,Health Care Distributors,S&P 500,98.98,59,49,66,15,79.63999938964844,81.01499938964844,78.55999755859375,78.83999633789062
210,F,Consumer Discretionary,Automobile Manufacturers,S&P 500,98.91,59,49,81,86,12.869999885559082,13.029999732971191,12.774999618530273,12.779999732971191
211,ABNB,Consumer Discretionary,"Hotels, Resorts & Cruise Lines",S&P 500,98.72,59,47,38,29,143.8800048828125,145.75999450683594,142.17999267578125,142.64999389648438
212,LIN,Materials,Industrial Gases,S&P 500,98.63,59,60,34,28,496.3500061035156,497.784912109375,492.32000732421875,494.8399963378906
213,MCK,Health Care,Health Care Distributors,S&P 500,98.55,58,78,68,84,858.0,857.6300048828125,836.6171264648438,842.25
214,DHI,Consumer Discretionary,Homebuilding,S&P 500,98.46,58,42,43,58,166.97999572753906,166.9199981689453,161.3000030517578,162.1999969482422
215,PCG,Utilities,Multi-Utilities,S&P 500,98.39,58,71,20,40,17.40999984741211,17.55500030517578,16.959999084472656,16.979999542236328
216,MO,Consumer Staples,Tobacco,S&P 500,98.34,58,67,54,71,64.5999984741211,64.94999694824219,64.12000274658203,64.6500015258789
217,CNP,Utilities,Multi-Utilities,S&P 500,98.29,57,71,46,68,42.95000076293945,42.95000076293945,42.25,42.25
218,UPS,Industrials,Air Freight & Logistics,S&P 500,98.29,57,47,64,11,107.52999877929688,108.1500015258789,105.58999633789062,106.30999755859375
219,AIZ,Financials,Multi-line Insurance,S&P 500,98.2,57,45,70,59,226.91000366210938,230.76499938964844,225.6374969482422,228.9600067138672
220,LNT,Utilities,Electric Utilities,S&P 500,98.16,57,65,48,64,72.55000305175781,72.91999816894531,71.0999984741211,71.13999938964844
221,FE,Utilities,Electric Utilities,S&P 500,98.12,57,77,59,65,49.5,49.73500061035156,48.47999954223633,48.5099983215332
222,PNW,Utilities,Multi-Utilities,S&P 500,98.08,57,68,41,44,103.11000061035156,103.15499877929688,100.91999816894531,100.9800033569336
223,TSLA,Consumer Discretionary,Automobile Manufacturers,S&P 500,97.99,56,48,80,93,393.04998779296875,393.95001220703125,385.2200927734375,386.4200134277344
224,CRL,Health Care,Life Sciences Tools & Services,S&P 500,97.93,56,31,89,80,186.17999267578125,190.13999938964844,182.0675048828125,183.10000610351562
225,NRG,Utilities,Independent Power Producers & Energy Traders,S&P 500,97.85,56,59,62,93,156.75,158.35499572753906,149.66000366210938,149.86000061035156
226,O,Real Estate,Retail REITs,S&P 500,97.73,56,63,53,56,64.9000015258789,64.95999908447266,63.95500183105469,64.0
227,AFL,Financials,Life & Health Insurance,S&P 500,97.71,56,43,38,43,114.83000183105469,116.69999694824219,114.75499725341797,115.97000122070312
228,PHM,Consumer Discretionary,Homebuilding,S&P 500,97.55,56,52,56,46,132.30999755859375,133.13499450683594,128.5800018310547,128.63999938964844
229,ACGL,Financials,Property & Casualty Insurance,S&P 500,97.52,55,46,41,19,98.33000183105469,99.16000366210938,97.66000366210938,98.8499984741211
230,SBUX,Consumer Discretionary,Restaurants,S&P 500,97.5,55,56,61,22,99.0,99.1500015258789,96.8499984741211,97.80000305175781
231,MNST,Consumer Staples,Soft Drinks & Non-alcoholic Beverages,S&P 500,97.41,55,66,89,81,76.94499969482422,77.11000061035156,75.0999984741211,75.2699966430664
232,GE,Industrials,Aerospace & Defense,S&P 500,97.34,55,63,74,93,293.57501220703125,304.29998779296875,284.2099914550781,286.7300109863281
233,SWK,Industrials,Industrial Machinery & Supplies & Components,S&P 500,97.26,55,42,71,29,75.54000091552734,77.36000061035156,75.45999908447266,76.25
234,ITW,Industrials,Industrial Machinery & Supplies & Components,S&P 500,97.14,54,56,39,31,272.32000732421875,274.3599853515625,270.0299987792969,271.04998779296875
235,AEE,Utilities,Multi-Utilities,S&P 500,97.1,54,65,42,60,112.0,111.94999694824219,109.87000274658203,109.95999908447266
236,XYZ,Financials,Transaction & Payment Processing Services,S&P 500,96.88,54,30,11,56,74.0999984741211,75.22000122070312,71.5999984741211,71.75
237,TXT,Industrials,Aerospace & Defense,S&P 500,96.82,54,62,79,46,91.54000091552734,92.0198974609375,89.70999908447266,90.79000091552734
238,ULTA,Consumer Discretionary,Other Specialty Retail,S&P 500,96.81,54,56,93,78,573.6300048828125,576.5946044921875,565.739990234375,570.1599731445312
239,HON,Industrials,Industrial Conglomerates,S&P 500,96.76,53,68,55,33,227.0,229.7899932861328,221.13499450683594,222.22000122070312
240,MSCI,Financials,Financial Exchanges & Data,S&P 500,96.6,53,43,50,24,572.8699951171875,604.0798950195312,572.8599853515625,597.3900146484375
241,YUM,Consumer Discretionary,Restaurants,S&P 500,96.56,53,57,54,41,161.63999938964844,162.4499969482422,159.47000122070312,160.33999633789062
242,META,Communication Services,Interactive Media & Services,S&P 500,96.53,53,23,33,74,670.8900146484375,676.2000122070312,667.3300170898438,668.8400268554688
243,LYV,Communication Services,Movies & Entertainment,S&P 500,96.48,53,57,34,61,156.33999633789062,158.05999755859375,153.08999633789062,153.3699951171875
244,FOXA,Communication Services,Broadcasting,S&P 500,96.36,52,30,89,81,64.75,65.30000305175781,64.25,64.30999755859375
245,MSI,Information Technology,Communications Equipment,S&P 500,96.26,52,69,14,32,449.8599853515625,449.8599853515625,442.4700012207031,445.4800109863281
246,CCL,Consumer Discretionary,"Hotels, Resorts & Cruise Lines",S&P 500,96.13,52,35,59,76,28.93000030517578,28.959999084472656,27.209999084472656,27.360000610351562
247,CVS,Health Care,Health Care Services,S&P 500,95.69,52,44,82,91,78.98999786376953,79.05000305175781,76.5999984741211,77.36000061035156
248,PEP,Consumer Staples,Soft Drinks & Non-alcoholic Beverages,S&P 500,95.66,52,61,37,48,156.74000549316406,157.0,153.72999572753906,154.9199981689453
249,CME,Financials,Financial Exchanges & Data,S&P 500,95.64,51,78,55,54,288.4599914550781,289.0,283.0450134277344,284.3999938964844
250,CDNS,Information Technology,Application Software,S&P 500,95.55,51,35,30,64,318.9599914550781,331.2300109863281,318.95001220703125,325.8399963378906
251,PSA,Real Estate,Self-Storage REITs,S&P 500,95.53,51,45,27,39,311.7900085449219,313.510009765625,307.45001220703125,308.3299865722656
252,LH,Health Care,Health Care Services,S&P 500,95.5,51,52,41,62,274.1099853515625,279.7099914550781,272.92010498046875,273.4200134277344
253,DECK,Consumer Discretionary,Footwear,S&P 500,95.33,51,40,6,0,110.80000305175781,112.7750015258789,109.83000183105469,110.16999816894531
254,EQT,Energy,Oil & Gas Exploration & Production,S&P 500,95.32,50,82,49,65,56.68000030517578,57.41999816894531,56.2599983215332,56.97999954223633
255,XEL,Utilities,Multi-Utilities,S&P 500,95.21,50,65,42,73,80.62999725341797,80.83899688720703,78.72000122070312,79.08000183105469
256,SHOP,Technology,Computer Software,Nasdaq 100,95.12,50,22,58,96,135.21499633789062,137.3000030517578,130.86000061035156,131.1300048828125
257,D,Utilities,Multi-Utilities,S&P 500,95.03,50,57,50,56,62.27000045776367,62.334999084472656,61.01100158691406,61.09000015258789
258,KO,Consumer Staples,Soft Drinks & Non-alcoholic Beverages,S&P 500,94.98,50,65,52,46,75.4749984741211,75.52899932861328,74.61499786376953,74.69999694824219
259,DG,Consumer Staples,Consumer Staples Merchandise Retail,S&P 500,94.9,49,71,95,69,126.08999633789062,126.94499969482422,123.69000244140625,124.11000061035156
260,FOX,Communication Services,Broadcasting,S&P 500,94.85,49,29,87,74,57.7400016784668,58.290000915527344,57.40999984741211,57.630001068115234
261,CPAY,Financials,Transaction & Payment Processing Services,S&P 500,94.7,49,30,35,4,338.04998779296875,342.3800048828125,328.9949951171875,329.92999267578125
262,CCEP,Consumer Staples,Soft Drinks,Nasdaq 100,94.29,49,51,40,48,96.9000015258789,96.93499755859375,95.55010223388672,95.87999725341797
263,DTE,Utilities,Multi-Utilities,S&P 500,94.26,49,62,36,59,146.41000366210938,146.3300018310547,143.4600067138672,143.47000122070312
264,NXPI,Information Technology,Semiconductors,S&P 500,94.05,49,22,56,45,222.47000122070312,226.61000061035156,221.69500732421875,224.5
265,HOOD,Financials,Investment Banking & Brokerage,S&P 500,93.89,48,18,91,99,91.0999984741211,91.4000015258789,86.19000244140625,86.43000030517578
266,FAST,Industrials,Trading Companies & Distributors,S&P 500,93.83,48,59,45,43,45.5099983215332,45.904998779296875,45.400001525878906,45.70000076293945
267,PPL,Utilities,Electric Utilities,S&P 500,93.78,48,61,39,58,38.849998474121094,38.935001373291016,38.1349983215332,38.209999084472656
268,VMC,Materials,Construction Materials,S&P 500,93.73,48,39,56,61,295.1199951171875,296.7099914550781,290.1000061035156,290.7200012207031
269,CMS,Utilities,Multi-Utilities,S&P 500,93.72,48,60,31,53,77.30000305175781,77.4749984741211,75.37999725341797,75.58000183105469
270,HBAN,Financials,Regional Banks,S&P 500,93.67,47,32,60,31,17.100000381469727,17.344999313354492,16.93000030517578,16.969999313354492
271,DDOG,Information Technology,Application Software,S&P 500,93.57,47,44,22,74,131.36819458007812,135.9600067138672,128.6699981689453,129.2899932861328
272,SBAC,Real Estate,Telecom Tower REITs,S&P 500,93.57,47,16,13,10,220.72000122070312,221.0500030517578,213.08999633789062,213.10000610351562
273,UAL,Industrials,Passenger Airlines,S&P 500,93.55,47,45,75,71,98.94049835205078,100.80000305175781,96.14009857177734,97.12999725341797
274,DUK,Utilities,Electric Utilities,S&P 500,93.53,47,64,30,58,128.47000122070312,128.5052947998047,125.66000366210938,125.66999816894531
275,MTD,Health Care,Life Sciences Tools & Services,S&P 500,93.47,46,40,54,67,1331.1500244140625,1354.0849609375,1317.75,1324.27001953125
276,EG,Financials,Reinsurance,S&P 500,93.43,46,39,17,27,354.1600036621094,353.79998779296875,349.10009765625,349.82000732421875
277,ED,Utilities,Multi-Utilities,S&P 500,93.4,46,66,45,30,109.83999633789062,110.33999633789062,107.9800033569336,108.19000244140625
278,COST,Consumer Staples,Consumer Staples Merchandise Retail,S&P 500,93.35,45,57,43,31,994.989990234375,1006.5,986.7000122070312,1005.8099975585938
279,AXP,Financials,Consumer Finance,S&P 500,93.35,45,30,66,83,331.79998779296875,338.0899963378906,328.45001220703125,329.7900085449219
280,MLM,Materials,Construction Materials,S&P 500,93.35,45,45,66,63,629.010009765625,632.6799926757812,613.3400268554688,614.489990234375
281,T,Communication Services,Integrated Telecommunication Services,S&P 500,93.08,45,67,23,39,26.200000762939453,26.440000534057617,25.8799991607666,25.8799991607666
282,VRSN,Information Technology,Internet Services & Infrastructure,S&P 500,93.04,45,33,36,47,275.80999755859375,276.2900085449219,266.20001220703125,269.7799987792969
283,WYNN,Consumer Discretionary,Casinos & Gaming,S&P 500,92.94,45,35,63,88,108.9000015258789,110.0,107.375,107.66000366210938
284,WEC,Utilities,Electric Utilities,S&P 500,92.88,45,59,39,66,115.66999816894531,115.70999908447266,113.41999816894531,113.58000183105469
285,OMC,Communication Services,Advertising,S&P 500,92.7,44,44,39,33,78.62999725341797,79.66000366210938,77.83000183105469,78.06999969482422
286,PPG,Materials,Specialty Chemicals,S&P 500,92.51,44,39,43,23,114.37999725341797,115.13999938964844,110.69000244140625,110.91999816894531
287,TKO,Communication Services,Movies & Entertainment,S&P 500,92.29,44,54,77,82,184.0,186.5500030517578,183.0500030517578,183.10000610351562
288,HSY,Consumer Staples,Packaged Foods & Meats,S&P 500,92.28,44,80,65,52,191.24000549316406,191.8699951171875,188.22000122070312,188.7100067138672
289,MET,Financials,Life & Health Insurance,S&P 500,92.2,44,17,26,37,77.62999725341797,78.3499984741211,77.35099792480469,77.4800033569336
290,PKG,Materials,Paper & Plastic Packaging Products & Materials,S&P 500,92.16,43,56,52,35,213.85000610351562,214.5,210.0399932861328,210.52999877929688
291,LOW,Consumer Discretionary,Home Improvement Retail,S&P 500,92.14,43,44,70,38,254.1699981689453,257.1000061035156,250.6699981689453,251.19000244140625
292,IR,Industrials,Industrial Machinery & Supplies & Components,S&P 500,92.02,43,48,44,18,86.22000122070312,87.5199966430664,84.7750015258789,84.80999755859375
293,ABBV,Health Care,Biotechnology,S&P 500,91.99,43,42,65,81,204.00999450683594,206.1999969482422,200.9199981689453,205.1199951171875
294,AIG,Financials,Multi-line Insurance,S&P 500,91.87,43,26,18,41,78.5999984741211,78.83999633789062,77.80999755859375,77.93000030517578
295,WFC,Financials,Diversified Banks,S&P 500,91.8,43,35,59,71,82.1449966430664,83.0999984741211,81.19499969482422,81.55000305175781
296,BDX,Health Care,Health Care Equipment,S&P 500,91.61,42,51,40,15,159.60000610351562,159.3800048828125,156.69000244140625,156.69000244140625
297,IFF,Materials,Specialty Chemicals,S&P 500,91.59,42,46,35,3,74.4000015258789,75.05999755859375,72.12999725341797,72.41999816894531
298,PLTR,Information Technology,Application Software,S&P 500,91.59,42,63,87,98,146.8300018310547,149.8699951171875,143.99899291992188,145.97000122070312
299,EXC,Utilities,Electric Utilities,S&P 500,91.56,42,64,34,66,46.43000030517578,46.61000061035156,46.07500076293945,46.27000045776367
300,^VIX,--- Reference ---,--- Reference ---,--- Reference ---,91.22,42,95,16,14,19.18000030517578,20.850000381469727,18.75,19.5
301,NOC,Industrials,Aerospace & Defense,S&P 500,91.18,41,85,80,67,640.0,652.9998779296875,610.3900146484375,611.1300048828125
302,EW,Health Care,Health Care Equipment,S&P 500,91.08,41,55,61,51,81.4800033569336,81.83999633789062,79.30999755859375,79.70999908447266
303,RCL,Consumer Discretionary,"Hotels, Resorts & Cruise Lines",S&P 500,90.78,41,49,43,82,280.5,284.239990234375,270.4049987792969,271.4700012207031
304,CARR,Industrials,Building Products,S&P 500,90.7,41,41,13,9,61.779998779296875,63.04999923706055,61.40999984741211,61.709999084472656
305,ES,Utilities,Electric Utilities,S&P 500,90.69,41,57,58,79,68.72000122070312,68.75,66.80999755859375,66.81999969482422
306,ECL,Materials,Specialty Chemicals,S&P 500,90.65,40,44,55,59,277.0400085449219,277.68499755859375,269.5801086425781,270.8399963378906
307,CRWD,Information Technology,Systems Software,S&P 500,90.64,40,24,32,86,439.75,459.1400146484375,436.510009765625,449.6099853515625
308,KR,Consumer Staples,Food Retail,S&P 500,90.63,40,68,25,49,68.05000305175781,69.01499938964844,67.50499725341797,68.80999755859375
309,BA,Industrials,Aerospace & Defense,S&P 500,90.55,40,41,80,72,223.2899932861328,225.64999389648438,218.91000366210938,219.16000366210938
310,TMO,Health Care,Life Sciences Tools & Services,S&P 500,90.49,40,39,76,65,529.8699951171875,538.405029296875,523.0150146484375,524.5700073242188
311,TROW,Financials,Asset Management & Custody Banks,S&P 500,90.45,39,25,48,42,98.36000061035156,100.16500091552734,98.11499786376953,99.13999938964844
312,GD,Industrials,Aerospace & Defense,S&P 500,90.38,39,73,75,80,330.4700012207031,331.04998779296875,323.9700012207031,325.5199890136719
313,LLY,Health Care,Pharmaceuticals,S&P 500,90.2,39,51,85,37,910.2000122070312,913.0499877929688,881.1099853515625,903.02001953125
314,MMM,Industrials,Industrial Conglomerates,S&P 500,90.15,39,37,47,76,151.77000427246094,158.14349365234375,146.86000061035156,148.47000122070312
315,SO,Utilities,Electric Utilities,S&P 500,90.03,39,60,26,50,93.51000213623047,93.7300033569336,91.91000366210938,91.91999816894531
316,UNH,Health Care,Managed Health Care,S&P 500,89.59,38,10,25,34,353.010009765625,357.67999267578125,345.2300109863281,346.010009765625
317,CBRE,Real Estate,Real Estate Services,S&P 500,89.54,38,25,68,67,152.52999877929688,153.89500427246094,149.02999877929688,149.85000610351562
318,EXR,Real Estate,Self-Storage REITs,S&P 500,89.52,38,41,27,34,146.66000366210938,147.2449951171875,143.63999938964844,143.63999938964844
319,MAS,Industrials,Building Products,S&P 500,89.49,38,27,35,30,66.31999969482422,67.70999908447266,65.51000213623047,66.76000213623047
320,BBY,Consumer Discretionary,Computer & Electronics Retail,S&P 500,89.3,38,27,14,68,65.80999755859375,68.20500183105469,65.32119750976562,66.58999633789062
321,VST,Utilities,Electric Utilities,S&P 500,89.21,37,24,18,85,160.75999450683594,161.10000610351562,154.1300048828125,154.91000366210938
322,TECH,Health Care,Life Sciences Tools & Services,S&P 500,89.2,37,33,57,51,60.720001220703125,62.470001220703125,59.582000732421875,59.66999816894531
323,NDAQ,Financials,Financial Exchanges & Data,S&P 500,89.16,37,43,69,52,88.33000183105469,89.4000015258789,87.27999877929688,87.5999984741211
324,WM,Industrials,Environmental & Facilities Services,S&P 500,89.13,37,50,46,25,224.0,224.4250030517578,222.50999450683594,223.4199981689453
325,ORCL,Information Technology,Application Software,S&P 500,88.91,37,9,7,95,178.35000610351562,185.33999633789062,176.01229858398438,181.1699981689453
326,MCD,Consumer Discretionary,Restaurants,S&P 500,88.89,37,48,42,42,305.54998779296875,306.1499938964844,300.9700012207031,301.8399963378906
327,SCHW,Financials,Investment Banking & Brokerage,S&P 500,88.86,36,55,68,63,93.26000213623047,94.15499877929688,91.83000183105469,91.97000122070312
328,ZBH,Health Care,Health Care Equipment,S&P 500,88.74,36,29,7,41,95.56999969482422,95.88500213623047,92.58999633789062,92.69000244140625
329,NWSA,Communication Services,Publishing,S&P 500,88.61,36,20,28,24,25.950000762939453,26.514999389648438,25.809999465942383,26.420000076293945
330,FTNT,Information Technology,Systems Software,S&P 500,88.61,36,32,9,11,82.2300033569336,85.68000030517578,82.0999984741211,85.26000213623047
331,NWS,Communication Services,Publishing,S&P 500,88.59,36,19,33,31,29.81999969482422,30.520000457763672,29.780000686645508,30.420000076293945
332,IDXX,Health Care,Health Care Equipment,S&P 500,88.58,35,45,86,89,584.469970703125,592.510009765625,567.3099975585938,569.010009765625
333,CMCSA,Communication Services,Cable & Satellite,S&P 500,88.44,35,43,30,5,29.770000457763672,29.915000915527344,28.889999389648438,29.049999237060547
334,URI,Industrials,Trading Companies & Distributors,S&P 500,88.44,35,37,64,68,815.9099731445312,834.97998046875,806.0050048828125,806.219970703125
335,CHD,Consumer Staples,Household Products,S&P 500,88.42,35,52,28,7,96.52999877929688,96.79499816894531,93.19000244140625,93.20999908447266
336,BLK,Financials,Asset Management & Custody Banks,S&P 500,88.39,35,36,53,60,1049.489990234375,1070.72998046875,1040.400146484375,1042.8499755859375
337,DRI,Consumer Discretionary,Restaurants,S&P 500,88.3,34,47,54,28,202.3800048828125,202.3800048828125,196.02000427246094,196.9499969482422
338,CEG,Utilities,Electric Utilities,S&P 500,88.24,34,33,17,90,288.20001220703125,289.1199951171875,276.8399963378906,277.70001220703125
339,WY,Real Estate,Timber REITs,S&P 500,88.14,34,32,47,11,25.540000915527344,25.799999237060547,24.780000686645508,24.889999389648438
340,EQR,Real Estate,Multi-Family Residential REITs,S&P 500,87.91,34,27,24,20,63.31999969482422,63.380001068115234,61.849998474121094,61.849998474121094
341,SYY,Consumer Staples,Food Distributors,S&P 500,87.72,34,64,36,47,76.79000091552734,76.59500122070312,74.76000213623047,74.79000091552734
342,RJF,Financials,Investment Banking & Brokerage,S&P 500,87.68,33,31,48,42,151.9499969482422,155.27000427246094,151.7801055908203,154.5399932861328
343,SHW,Materials,Specialty Chemicals,S&P 500,87.66,33,34,40,26,343.94000244140625,345.4049987792969,332.1099853515625,334.6099853515625
344,BF.B,Consumer Staples,Distillers & Vintners,S&P 500,87.53,33,12,14,6,29.079999923706055,29.360000610351562,28.719999313354492,28.75
345,COR,Health Care,Health Care Distributors,S&P 500,87.52,33,56,76,82,322.0,321.875,311.8800048828125,312.3900146484375
346,SW,Materials,Paper & Plastic Packaging Products & Materials,S&P 500,87.32,33,37,25,20,42.790000915527344,43.029998779296875,41.18000030517578,41.220001220703125
347,CDW,Information Technology,Technology Distributors,S&P 500,87.22,32,10,2,8,136.80999755859375,142.38499450683594,136.80999755859375,141.41000366210938
348,CNC,Health Care,Managed Health Care,S&P 500,87.15,32,9,67,4,39.45000076293945,39.82500076293945,38.97999954223633,39.13999938964844
349,FSLR,Information Technology,Semiconductors,S&P 500,87.15,32,46,86,93,193.19000244140625,195.36990356445312,185.1300048828125,186.61000061035156
350,CHTR,Communication Services,Cable & Satellite,S&P 500,87.14,32,12,0,2,243.92999267578125,248.66000366210938,241.35000610351562,241.9499969482422
351,TRMB,Information Technology,Application Software,S&P 500,87.1,32,18,18,64,69.55999755859375,70.7699966430664,68.9000015258789,68.97000122070312
352,DIS,Communication Services,Movies & Entertainment,S&P 500,87.09,31,22,40,50,106.19000244140625,106.875,103.96499633789062,104.29000091552734
353,A,Health Care,Life Sciences Tools & Services,S&P 500,86.91,31,20,39,75,121.55000305175781,124.88999938964844,120.8550033569336,122.08999633789062
354,COF,Financials,Consumer Finance,S&P 500,86.91,31,17,46,72,205.22000122070312,209.5800018310547,202.30999755859375,202.5
355,WAT,Health Care,Life Sciences Tools & Services,S&P 500,86.91,31,17,63,50,337.6199951171875,346.7799987792969,334.82000732421875,335.2300109863281
356,GEHC,Health Care,Health Care Equipment,S&P 500,86.77,31,27,42,39,74.33000183105469,74.62999725341797,72.08000183105469,72.26000213623047
357,AON,Financials,Insurance Brokers,S&P 500,86.76,31,24,22,22,332.92999267578125,336.8900146484375,331.75,335.32000732421875
358,PEG,Utilities,Electric Utilities,S&P 500,86.58,30,43,20,29,80.69000244140625,81.1050033569336,78.21499633789062,78.55999755859375
359,AVY,Materials,Paper & Plastic Packaging Products & Materials,S&P 500,86.55,30,34,41,36,172.8800048828125,173.33999633789062,169.19000244140625,169.4600067138672
360,UHS,Health Care,Health Care Facilities,S&P 500,86.32,30,38,60,73,181.0500030517578,180.89999389648438,178.0,178.5500030517578
361,ESS,Real Estate,Multi-Family Residential REITs,S&P 500,86.07,30,25,21,24,257.9800109863281,258.8450012207031,253.16000366210938,253.16000366210938
362,ORLY,Consumer Discretionary,Automotive Retail,S&P 500,85.97,30,36,48,47,92.62000274658203,93.83999633789062,92.04499816894531,93.80999755859375
363,AZO,Consumer Discretionary,Automotive Retail,S&P 500,85.95,29,29,33,54,3573.0,3630.830078125,3555.669921875,3606.179931640625
364,STZ,Consumer Staples,Distillers & Vintners,S&P 500,85.86,29,54,31,1,159.75,159.8800048828125,156.27000427246094,156.9499969482422
365,SWKS,Information Technology,Semiconductors,S&P 500,85.67,29,11,5,38,59.90999984741211,61.040000915527344,59.689998626708984,59.939998626708984
366,CL,Consumer Staples,Household Products,S&P 500,85.62,29,52,42,9,84.12000274658203,84.12000274658203,81.79000091552734,81.80999755859375
367,DLTR,Consumer Staples,Consumer Staples Merchandise Retail,S&P 500,85.59,29,66,93,74,108.4000015258789,110.23999786376953,103.56999969482422,103.83000183105469
368,WRB,Financials,Property & Casualty Insurance,S&P 500,85.5,28,36,31,70,66.30000305175781,66.41000366210938,65.08000183105469,65.4000015258789
369,VICI,Real Estate,Hotel & Resort REITs,S&P 500,85.33,28,31,19,32,28.81999969482422,28.975000381469727,28.420000076293945,28.420000076293945
370,PGR,Financials,Property & Casualty Insurance,S&P 500,85.31,28,22,16,9,204.1750030517578,208.4600067138672,203.0,207.5
371,CPT,Real Estate,Multi-Family Residential REITs,S&P 500,85.29,28,23,34,18,104.52999877929688,104.69999694824219,102.38999938964844,102.4800033569336
372,ICE,Financials,Financial Exchanges & Data,S&P 500,85.25,28,33,49,19,160.89999389648438,161.92999267578125,158.2949981689453,158.6300048828125
373,AWK,Utilities,Water Utilities,S&P 500,85.23,27,47,22,36,133.92999267578125,134.1199951171875,130.71499633789062,132.0500030517578
374,KVUE,Consumer Staples,Personal Care Products,S&P 500,85.21,27,38,27,0,17.579999923706055,17.600000381469727,17.2549991607666,17.299999237060547
375,APO,Financials,Asset Management & Custody Banks,S&P 500,85.2,27,10,32,7,128.27999877929688,131.0,126.72000122070312,127.26000213623047
376,BRK.B,Financials,Multi-Sector Holdings,S&P 500,85.06,27,38,27,36,472.5400085449219,474.19000244140625,468.05999755859375,468.5
377,VRTX,Health Care,Biotechnology,S&P 500,84.87,27,47,44,13,437.1199951171875,440.32000732421875,429.6546936035156,436.5899963378906
378,MA,Financials,Transaction & Payment Processing Services,S&P 500,84.84,26,22,20,49,516.9299926757812,523.1099853515625,510.1650085449219,511.3500061035156
379,MCO,Financials,Financial Exchanges & Data,S&P 500,84.81,26,26,58,40,461.8999938964844,473.375,458.9750061035156,459.5899963378906
380,HPQ,Information Technology,"Technology Hardware, Storage & Peripherals",S&P 500,84.79,26,7,1,35,19.68000030517578,21.415000915527344,19.6299991607666,21.09000015258789
381,MSFT,Information Technology,Systems Software,S&P 500,84.78,26,13,30,71,419.9750061035156,427.17999267578125,417.2401123046875,424.1600036621094
382,PRU,Financials,Life & Health Insurance,S&P 500,84.77,26,21,44,23,98.5,99.75,95.62000274658203,96.44999694824219
383,J,Industrials,Construction & Engineering,S&P 500,84.43,25,41,26,74,129.00999450683594,131.85000610351562,128.6999969482422,129.50999450683594
384,AMCR,Materials,Paper & Plastic Packaging Products & Materials,S&P 500,84.41,25,30,28,6,41.560001373291016,42.119998931884766,41.04999923706055,41.099998474121094
385,AOS,Industrials,Building Products,S&P 500,84.39,25,40,47,27,65.58999633789062,66.18000030517578,64.87000274658203,64.98999786376953
386,PM,Consumer Staples,Tobacco,S&P 500,84.37,25,50,67,45,157.13999938964844,157.64999389648438,153.17999267578125,153.25
387,SNPS,Information Technology,Application Software,S&P 500,84.28,25,28,38,6,464.2699890136719,480.24798583984375,462.0,467.5799865722656
388,CI,Health Care,Health Care Services,S&P 500,84.24,24,24,16,35,284.0,285.6700134277344,275.9100036621094,276.69000244140625
389,PANW,Information Technology,Systems Software,S&P 500,84.13,24,16,13,73,170.38999938964844,177.6300048828125,169.6699981689453,174.9600067138672
390,ELV,Health Care,Managed Health Care,S&P 500,84.02,24,13,46,27,331.0,332.92999267578125,325.3399963378906,328.1099853515625
391,ROL,Industrials,Environmental & Facilities Services,S&P 500,83.86,24,33,67,52,54.709999084472656,55.06999969482422,54.18000030517578,54.709999084472656
392,AMP,Financials,Asset Management & Custody Banks,S&P 500,83.85,24,23,32,22,461.489990234375,467.20001220703125,459.1499938964844,461.0799865722656
393,GPN,Financials,Transaction & Payment Processing Services,S&P 500,83.83,24,16,10,31,73.0,74.61000061035156,71.5,71.58999633789062
394,WTW,Financials,Insurance Brokers,S&P 500,83.64,23,23,37,56,295.8699951171875,300.19000244140625,295.8699951171875,297.8399963378906
395,NCLH,Consumer Discretionary,"Hotels, Resorts & Cruise Lines",S&P 500,83.61,23,28,19,43,20.030000686645508,20.479999542236328,19.190000534057617,19.329999923706055
396,PG,Consumer Staples,Personal Care Products,S&P 500,83.49,23,36,27,24,144.6199951171875,144.6199951171875,142.32000732421875,142.32000732421875
397,BKNG,Consumer Discretionary,"Hotels, Resorts & Cruise Lines",S&P 500,83.46,23,15,35,49,191.69000244140625,193.9199981689453,189.1649932861328,190.86000061035156
398,PSKY,Communication Services,Movies & Entertainment,S&P 500,83.37,23,3,11,92,11.859999656677246,11.919099807739258,11.604999542236328,11.609999656677246
399,MRSH,Financials,Insurance Brokers,S&P 500,83.35,22,18,12,12,175.85000610351562,179.0800018310547,175.07000732421875,179.0
400,SOLV,Health Care,Health Care Technology,S&P 500,83.25,22,16,57,33,70.2699966430664,71.12000274658203,68.87999725341797,68.97000122070312
401,V,Financials,Transaction & Payment Processing Services,S&P 500,83.03,22,21,23,48,314.010009765625,316.8782958984375,308.82000732421875,309.94000244140625
402,IBM,Information Technology,IT Consulting & Other Services,S&P 500,82.99,22,23,69,88,254.0,258.0899963378906,251.86500549316406,255.67999267578125
403,ALLE,Industrials,Building Products,S&P 500,82.79,22,36,53,69,145.6300048828125,146.7698974609375,143.0,143.47000122070312
404,TTWO,Communication Services,Interactive Home Entertainment,S&P 500,82.76,21,14,56,84,218.0,219.86500549316406,215.72999572753906,217.64999389648438
405,HD,Consumer Discretionary,Home Improvement Retail,S&P 500,82.72,21,32,37,37,352.92999267578125,353.5450134277344,342.9700012207031,343.9200134277344
406,DOC,Real Estate,Health Care REITs,S&P 500,82.72,21,48,33,44,17.079999923706055,17.079999923706055,16.420000076293945,16.469999313354492
407,RVTY,Health Care,Health Care Equipment,S&P 500,82.51,21,25,66,23,93.58999633789062,97.06999969482422,93.47000122070312,94.2699966430664
408,UDR,Real Estate,Multi-Family Residential REITs,S&P 500,82.5,21,26,31,13,35.720001220703125,35.7599983215332,34.97999954223633,34.97999954223633
409,INVH,Real Estate,Single-Family Residential REITs,S&P 500,82.46,20,14,13,16,27.440000534057617,27.475000381469727,26.8700008392334,26.940000534057617
410,AVB,Real Estate,Multi-Family Residential REITs,S&P 500,82.38,20,17,15,17,176.00999450683594,176.25,172.13999938964844,172.13999938964844
411,DHR,Health Care,Life Sciences Tools & Services,S&P 500,82.35,20,26,53,37,197.0,200.38999938964844,190.4600067138672,194.5399932861328
412,NFLX,Communication Services,Movies & Entertainment,S&P 500,82.27,20,21,4,56,93.82499694824219,94.6500015258789,92.37000274658203,92.58000183105469
413,TMUS,Communication Services,Wireless Telecommunication Services,S&P 500,82.22,20,37,5,21,197.91000366210938,206.77999877929688,194.75,195.38999938964844
414,STE,Health Care,Health Care Equipment,S&P 500,81.52,19,27,64,53,226.22999572753906,227.8699951171875,219.14999389648438,219.4499969482422
415,ALNY,Health Care,Biotechnology,Nasdaq 100,81.51,19,16,52,96,307.32000732421875,310.4949951171875,301.6300048828125,308.42999267578125
416,RSG,Industrials,Environmental & Facilities Services,S&P 500,81.43,19,38,24,30,208.1199951171875,208.6999969482422,204.9600067138672,205.3000030517578
417,SJM,Consumer Staples,Packaged Foods & Meats,S&P 500,81.37,19,42,29,25,95.48999786376953,95.98999786376953,94.38999938964844,95.73999786376953
418,XYL,Industrials,Industrial Machinery & Supplies & Components,S&P 500,81.06,19,26,51,74,118.66999816894531,121.0199966430664,118.01000213623047,119.9800033569336
419,LII,Industrials,Building Products,S&P 500,81.05,18,24,15,3,493.8500061035156,504.7200012207031,490.67999267578125,492.69000244140625
420,UBER,Industrials,Passenger Ground Transportation,S&P 500,80.98,18,24,28,78,78.0,78.76000213623047,77.03810119628906,77.26000213623047
421,ISRG,Health Care,Health Care Equipment,S&P 500,80.9,18,31,26,50,469.04998779296875,471.0794982910156,451.2900085449219,451.2900085449219
422,MDLZ,Consumer Staples,Packaged Foods & Meats,S&P 500,80.89,18,37,21,27,57.029998779296875,57.17499923706055,56.0,56.130001068115234
423,MAA,Real Estate,Multi-Family Residential REITs,S&P 500,80.79,18,19,24,13,129.05999755859375,129.52999877929688,125.68000030517578,125.73999786376953
424,EXE,Energy,Oil & Gas Exploration & Production,S&P 500,80.7,18,46,51,51,95.69999694824219,96.20999908447266,93.75,94.26000213623047
425,VLTO,Industrials,Environmental & Facilities Services,S&P 500,80.62,17,20,33,37,90.37999725341797,91.56999969482422,89.66000366210938,89.68000030517578
426,GPC,Consumer Discretionary,Distributors,S&P 500,80.59,17,12,59,57,114.75,116.7699966430664,110.87249755859375,115.0
427,PNR,Industrials,Industrial Machinery & Supplies & Components,S&P 500,80.55,17,20,45,61,91.29000091552734,91.62830352783203,89.88999938964844,89.98999786376953
428,PDD,Technology,EDP Services,Nasdaq 100,80.48,17,14,13,80,103.43000030517578,103.77999877929688,98.77999877929688,98.98999786376953
429,NVR,Consumer Discretionary,Homebuilding,S&P 500,80.45,17,19,30,20,7250.14013671875,7294.5,6924.4501953125,6933.5
430,CCI,Real Estate,Telecom Tower REITs,S&P 500,80.3,16,20,12,26,87.76000213623047,87.9000015258789,84.41000366210938,84.91999816894531
431,ZBRA,Information Technology,Electronic Equipment & Instruments,S&P 500,80.29,16,5,2,21,239.02000427246094,243.69000244140625,234.89999389648438,236.6699981689453
432,AMT,Real Estate,Telecom Tower REITs,S&P 500,80.09,16,31,14,17,181.74000549316406,181.8800048828125,174.30999755859375,174.75999450683594
433,ADSK,Information Technology,Application Software,S&P 500,79.74,16,13,12,49,245.30999755859375,250.83999633789062,243.5,245.47999572753906
434,LDOS,Industrials,Diversified Support Services,S&P 500,79.61,16,43,68,79,153.83999633789062,156.2050018310547,152.8300018310547,153.1999969482422
435,SYK,Health Care,Health Care Equipment,S&P 500,79.55,15,25,18,33,338.29998779296875,339.1600036621094,327.0,327.29998779296875
436,BXP,Real Estate,Office REITs,S&P 500,79.52,15,10,20,55,59.029998779296875,59.880001068115234,58.0099983215332,58.5
437,JKHY,Financials,Transaction & Payment Processing Services,S&P 500,79.5,15,34,63,14,153.77000427246094,157.30499267578125,152.72999572753906,155.5
438,SPGI,Financials,Financial Exchanges & Data,S&P 500,79.49,15,15,50,27,444.0299987792969,453.6050109863281,443.1300048828125,444.6700134277344
439,KDP,Consumer Staples,Soft Drinks & Non-alcoholic Beverages,S&P 500,79.43,15,28,17,12,26.459999084472656,26.735000610351562,26.209999084472656,26.440000534057617
440,MDT,Health Care,Health Care Equipment,S&P 500,79.33,14,35,64,51,85.25,85.3499984741211,81.95999908447266,82.0
441,IQV,Health Care,Life Sciences Tools & Services,S&P 500,79.32,14,19,75,69,177.1699981689453,180.97999572753906,175.02000427246094,175.69000244140625
442,KHC,Consumer Staples,Packaged Foods & Meats,S&P 500,79.21,14,14,10,11,22.170000076293945,22.264999389648438,21.860000610351562,21.979999542236328
443,QCOM,Information Technology,Semiconductors,S&P 500,79.18,14,11,26,72,138.1199951171875,138.1699981689453,135.0449981689453,135.55999755859375
444,CTAS,Industrials,Diversified Support Services,S&P 500,78.57,14,29,24,13,177.17640686035156,179.16799926757812,175.27749633789062,176.25999450683594
445,RMD,Health Care,Health Care Equipment,S&P 500,78.52,13,31,29,38,225.50999450683594,227.3000030517578,220.0,221.22000122070312
446,TDG,Industrials,Aerospace & Defense,S&P 500,78.07,13,21,47,31,1267.280029296875,1274.5,1193.72998046875,1205.6700439453125
447,EFX,Industrials,Research & Consulting Services,S&P 500,77.64,13,8,9,14,190.5,198.97000122070312,186.15499877929688,192.4199981689453
448,BX,Financials,Asset Management & Custody Banks,S&P 500,77.59,13,5,24,20,129.91000366210938,133.2498016357422,128.22000122070312,128.5
449,MELI,Consumer Discretionary,Catalog/Specialty Distribution,Nasdaq 100,77.5,13,8,34,44,1883.5799560546875,1902.9998779296875,1851.0,1854.1800537109375
450,TAP,Consumer Staples,Brewers,S&P 500,77.33,12,19,32,8,44.279998779296875,44.40999984741211,43.52000045776367,43.59000015258789
451,KKR,Financials,Asset Management & Custody Banks,S&P 500,77.31,12,4,17,6,104.33999633789062,107.5199966430664,103.77999877929688,104.44999694824219
452,DXCM,Health Care,Health Care Equipment,S&P 500,76.97,12,32,20,7,64.99939727783203,65.0,62.40999984741211,62.599998474121094
453,ZTS,Health Care,Pharmaceuticals,S&P 500,76.92,12,13,6,17,122.0,123.19999694824219,117.75,118.18000030517578
454,DPZ,Consumer Discretionary,Restaurants,S&P 500,76.74,12,14,15,16,369.6600036621094,371.989990234375,366.7650146484375,369.20001220703125
455,EL,Consumer Staples,Personal Care Products,S&P 500,76.64,12,29,93,82,77.73999786376953,78.44999694824219,75.3550033569336,75.86000061035156
456,APTV,Consumer Discretionary,Automotive Parts & Equipment,S&P 500,76.47,11,40,56,89,61.02000045776367,62.43000030517578,60.68000030517578,60.79999923706055
457,COO,Health Care,Health Care Supplies,S&P 500,76.46,11,28,39,7,69.52999877929688,69.7699966430664,67.08999633789062,67.30000305175781
458,DASH,Consumer Discretionary,Specialized Consumer Services,S&P 500,75.97,11,4,19,88,189.8000030517578,190.52999877929688,182.0,182.4499969482422
459,KMB,Consumer Staples,Household Products,S&P 500,75.87,11,18,7,23,98.40499877929688,98.54000091552734,96.16999816894531,96.5999984741211
460,OTIS,Industrials,Industrial Machinery & Supplies & Components,S&P 500,75.67,11,18,29,33,80.61000061035156,80.94999694824219,78.76000213623047,78.87000274658203
461,HUM,Health Care,Managed Health Care,S&P 500,75.23,10,2,28,59,221.70899963378906,223.69500732421875,216.49000549316406,217.36000061035156
462,CLX,Consumer Staples,Household Products,S&P 500,74.83,10,34,11,4,102.30999755859375,102.5999984741211,99.36000061035156,99.61000061035156
463,MOS,Materials,Fertilizers & Agricultural Chemicals,S&P 500,74.7,10,18,24,26,24.170000076293945,24.600000381469727,24.040000915527344,24.200000762939453
464,HRL,Consumer Staples,Packaged Foods & Meats,S&P 500,73.88,10,20,17,3,21.3799991607666,21.6299991607666,21.18000030517578,21.25
465,PTC,Information Technology,Application Software,S&P 500,73.46,10,15,9,59,140.52000427246094,143.77999877929688,139.77999877929688,140.92999267578125
466,LULU,Consumer Discretionary,"Apparel, Accessories & Luxury Goods",S&P 500,73.25,9,7,7,1,167.5,170.1999053955078,165.61000061035156,166.6999969482422
467,POOL,Consumer Discretionary,Distributors,S&P 500,73.05,9,8,8,15,233.60000610351562,236.10000610351562,231.32000732421875,233.1300048828125
468,LEN,Consumer Discretionary,Homebuilding,S&P 500,72.97,9,14,16,45,97.5,97.94000244140625,94.5,94.80999755859375
469,CMG,Consumer Discretionary,Restaurants,S&P 500,72.81,9,10,10,3,36.099998474121094,37.07500076293945,35.709999084472656,36.04999923706055
470,PYPL,Financials,Transaction & Payment Processing Services,S&P 500,72.59,9,3,3,22,52.04999923706055,52.290000915527344,50.755001068115234,50.880001068115234
471,CTSH,Information Technology,IT Consulting & Other Services,S&P 500,72.17,8,11,70,16,60.36000061035156,61.85499954223633,60.08000183105469,60.45000076293945
472,AJG,Financials,Insurance Brokers,S&P 500,71.81,8,7,8,23,223.60000610351562,225.97999572753906,222.2899932861328,224.4600067138672
473,BAX,Health Care,Health Care Equipment,S&P 500,71.25,8,4,1,2,18.860000610351562,19.18000030517578,18.475000381469727,18.489999771118164
474,ERIE,Financials,Insurance Brokers,S&P 500,71.01,8,9,3,9,253.47000122070312,256.9399108886719,252.01010131835938,253.85000610351562
475,CAG,Consumer Staples,Packaged Foods & Meats,S&P 500,70.64,8,12,10,4,14.880000114440918,14.925000190734863,14.569999694824219,14.670000076293945
476,IP,Materials,Paper & Plastic Packaging Products & Materials,S&P 500,70.06,7,13,8,21,37.0099983215332,37.20000076293945,35.2400016784668,35.439998626708984
477,CRM,Information Technology,Application Software,S&P 500,70.05,7,6,7,15,186.60000610351562,193.55999755859375,184.10009765625,187.11000061035156
478,ARES,Financials,Asset Management & Custody Banks,S&P 500,69.7,7,2,25,7,119.54000091552734,123.38999938964844,118.13999938964844,119.83999633789062
479,COIN,Financials,Financial Exchanges & Data,S&P 500,69.29,7,11,1,89,211.02999877929688,211.08999633789062,194.60000610351562,195.9499969482422
480,PAYX,Industrials,Human Resource & Employment Services,S&P 500,68.79,7,6,4,9,93.08000183105469,95.4000015258789,92.62000274658203,93.68000030517578
481,GEN,Information Technology,Systems Software,S&P 500,68.63,6,8,19,26,20.479999542236328,20.729999542236328,19.850000381469727,19.90999984741211
482,BRO,Financials,Insurance Brokers,S&P 500,68.31,6,5,4,10,68.0199966430664,69.25,67.70999908447266,68.94999694824219
483,ROP,Information Technology,Electronic Equipment & Instruments,S&P 500,68.29,6,4,3,5,361.94000244140625,367.697509765625,359.7650146484375,362.92999267578125
484,EPAM,Information Technology,IT Consulting & Other Services,S&P 500,68.25,6,6,82,14,131.9600067138672,134.99000549316406,131.39999389648438,132.1199951171875
485,SMCI,Information Technology,"Technology Hardware, Storage & Peripherals",S&P 500,67.74,6,0,2,78,29.100000381469727,29.934999465942383,28.350000381469727,28.43000030517578
486,MKC,Consumer Staples,Packaged Foods & Meats,S&P 500,67.59,6,8,9,16,52.84000015258789,53.040000915527344,51.68000030517578,51.97999954223633
487,ADBE,Information Technology,Application Software,S&P 500,67.19,5,2,5,14,247.49000549316406,254.7449951171875,245.10000610351562,247.17999267578125
488,ABT,Health Care,Health Care Equipment,S&P 500,66.56,5,12,9,38,95.5999984741211,95.91000366210938,92.65499877929688,92.72000122070312
489,ADP,Industrials,Human Resource & Employment Services,S&P 500,66.29,5,7,11,21,202.77000427246094,206.10000610351562,201.8300018310547,202.8699951171875
490,VRSK,Industrials,Research & Consulting Services,S&P 500,66.13,5,11,6,5,179.84100341796875,184.13999938964844,179.3000030517578,182.08999633789062
491,GIS,Consumer Staples,Packaged Foods & Meats,S&P 500,66.1,5,6,10,12,35.31999969482422,35.46989822387695,34.90999984741211,35.04999923706055
492,FDS,Financials,Financial Exchanges & Data,S&P 500,65.87,4,2,4,0,237.41000366210938,247.3300018310547,236.0500030517578,240.32000732421875
493,TSCO,Consumer Discretionary,Other Specialty Retail,S&P 500,65.86,4,17,31,40,42.625,42.900001525878906,38.915000915527344,39.56999969482422
494,CPRT,Industrials,Diversified Support Services,S&P 500,65.52,4,7,6,6,33.779998779296875,34.5099983215332,33.6150016784668,33.7400016784668
495,BR,Industrials,Data Processing & Outsourced Services,S&P 500,65.3,4,6,11,30,161.50999450683594,165.1300048828125,160.6699981689453,161.8699951171875
496,BLDR,Industrials,Building Products,S&P 500,64.32,4,6,16,10,93.01000213623047,94.97000122070312,89.08999633789062,89.76000213623047
497,ARE,Real Estate,Office REITs,S&P 500,63.9,3,9,2,19,48.88999938964844,49.0,46.93349838256836,47.810001373291016
498,NKE,Consumer Discretionary,"Apparel, Accessories & Luxury Goods",S&P 500,63.88,3,15,22,25,46.77000045776367,46.970001220703125,45.93000030517578,46.38999938964844
499,ACN,Information Technology,IT Consulting & Other Services,S&P 500,63.86,3,5,32,2,195.14999389648438,199.52999877929688,193.7779998779297,194.4199981689453
500,CPB,Consumer Staples,Packaged Foods & Meats,S&P 500,63.75,3,3,5,10,21.030000686645508,21.315000534057617,20.729999542236328,20.90999984741211
501,FIS,Financials,Transaction & Payment Processing Services,S&P 500,62.82,3,5,6,3,48.29999923706055,48.959999084472656,47.5099983215332,47.689998626708984
502,TYL,Information Technology,Application Software,S&P 500,61.46,2,3,4,12,345.9800109863281,350.2099914550781,340.1400146484375,341.4599914550781
503,MSTR,Technology,Computer Software,Nasdaq 100,61.37,2,1,0,11,170.61000061035156,172.89999389648438,163.75,163.97000122070312
504,GDDY,Information Technology,Internet Services & Infrastructure,S&P 500,60.92,2,0,0,1,87.76000213623047,89.1500015258789,86.6050033569336,88.5999984741211
505,PODD,Health Care,Health Care Equipment,S&P 500,60.71,2,9,18,77,200.8699951171875,201.49000549316406,191.02000427246094,192.3300018310547
506,INTU,Information Technology,Application Software,S&P 500,60.54,2,3,8,37,407.8299865722656,418.9849853515625,400.6709899902344,404.8500061035156
507,NOW,Information Technology,Systems Software,S&P 500,59.08,1,2,0,22,100.3499984741211,104.5,99.06999969482422,100.13999938964844
508,TRI,Technology,Computer Software,Nasdaq 100,57.95,1,1,1,15,94.25,98.19000244140625,93.75,96.72000122070312
509,FICO,Information Technology,Application Software,S&P 500,57.51,1,1,14,24,1051.3800048828125,1088.8770751953125,1017.1199951171875,1036.699951171875
510,AXON,Industrials,Aerospace & Defense,S&P 500,57.35,1,11,15,79,398.6300048828125,410.0350036621094,391.239990234375,404.9200134277344
511,FISV,Financials,Transaction & Payment Processing Services,S&P 500,55.6,1,0,0,1,64.87000274658203,65.29000091552734,62.93000030517578,63.2599983215332
512,BSX,Health Care,Health Care Equipment,S&P 500,55.11,0,4,12,40,60.7400016784668,61.68000030517578,59.3849983215332,59.52000045776367
513,WDAY,Information Technology,Application Software,S&P 500,54.83,0,1,3,28,127.58000183105469,133.0449981689453,126.4800033569336,129.16000366210938
514,ZS,Technology,EDP Services,Nasdaq 100,53.35,0,1,6,92,136.05999755859375,144.71499633789062,135.5800018310547,139.61000061035156
515,IT,Information Technology,IT Consulting & Other Services,S&P 500,51.2,0,0,1,0,156.82000732421875,161.61000061035156,155.6199951171875,158.97000122070312
516,CSGP,Real Estate,Real Estate Services,S&P 500,47.55,0,0,5,18,40.15999984741211,41.029998779296875,38.77000045776367,38.90999984741211
517,TTD,Communication Services,Advertising,S&P 500,44.88,0,0,0,0,23.924999237060547,24.06369972229004,22.924999237060547,23.200000762939453
