Rank,Ticker,Sector,Industry,Universe,Relative Strength,Percentile,1 Month Ago,3 Months Ago,6 Months Ago,Open,High,Low,Close
1,WDC,Information Technology,"Technology Hardware, Storage & Peripherals",S&P 500,334.45,99,99,99,97,246.7100067138672,247.9355010986328,228.35000610351562,243.2899932861328
2,MU,Information Technology,Semiconductors,S&P 500,297.44,99,99,99,80,396.6400146484375,397.7799987792969,376.9200134277344,397.5799865722656
3,STX,Information Technology,"Technology Hardware, Storage & Peripherals",S&P 500,236.49,99,99,99,97,350.010009765625,350.0199890136719,330.0,346.5299987792969
4,ALB,Materials,Specialty Chemicals,S&P 500,213.23,99,99,93,16,179.3000030517578,189.17990112304688,178.6300048828125,188.32000732421875
5,LRCX,Information Technology,Semiconductor Materials & Equipment,S&P 500,203.2,99,98,98,83,235.55999755859375,235.77999877929688,219.75999450683594,220.6999969482422
6,WBD,Communication Services,Broadcasting,S&P 500,197.71,99,99,98,95,28.5,28.69499969482422,28.329999923706055,28.360000610351562
7,TER,Information Technology,Semiconductor Materials & Equipment,S&P 500,190.13,98,98,95,68,237.79800415039062,238.0,226.3000030517578,229.13999938964844
8,INTC,Information Technology,Semiconductors,S&P 500,186.58,98,94,97,14,54.189998626708984,54.595001220703125,53.08000183105469,54.31999969482422
9,FIX,Industrials,Construction & Engineering,S&P 500,180.6,98,98,98,98,1170.0,1177.8699951171875,1101.0999755859375,1131.699951171875
10,NEM,Materials,Gold,S&P 500,179.7,98,99,95,88,118.30000305175781,123.01499938964844,118.11000061035156,121.69000244140625
11,HII,Industrials,Aerospace & Defense,S&P 500,155.48,98,96,85,79,421.3299865722656,426.58428955078125,416.6099853515625,424.1400146484375
12,MRNA,Health Care,Biotechnology,S&P 500,154.93,97,74,2,1,50.152000427246094,55.189998626708984,50.04999923706055,51.869998931884766
13,ASML,Technology,Industrial Machinery,Nasdaq 100,154.53,97,86,94,27,1394.300048828125,1398.800048828125,1373.280029296875,1395.0
14,AMD,Information Technology,Semiconductors,S&P 500,153.79,97,97,98,95,251.6750030517578,256.04998779296875,246.6320037841797,253.72999572753906
15,KLAC,Information Technology,Semiconductor Materials & Equipment,S&P 500,153.65,97,95,96,85,1549.1400146484375,1556.5799560546875,1497.8900146484375,1500.0
16,CVNA,Consumer Discretionary,Automotive Retail,S&P 500,153.39,97,95,90,99,458.5299987792969,479.3299865722656,457.8699951171875,478.45001220703125
17,AMAT,Information Technology,Semiconductor Materials & Equipment,S&P 500,151.23,96,93,87,49,332.0799865722656,333.0299987792969,317.45599365234375,318.7850036621094
18,CHRW,Industrials,Air Freight & Logistics,S&P 500,147.44,96,95,85,81,179.67999267578125,179.90499877929688,177.19000244140625,177.89999389648438
19,CMI,Industrials,Construction Machinery & Heavy Transportation Equipment,S&P 500,146.07,96,93,84,76,585.0900268554688,587.4913940429688,579.3599853515625,583.0700073242188
20,GOOGL,Communication Services,Interactive Media & Services,S&P 500,145.42,96,97,94,64,334.45001220703125,335.1400146484375,328.75,330.5400085449219
21,GOOG,Communication Services,Interactive Media & Services,S&P 500,144.41,96,96,94,63,334.2650146484375,335.2099914550781,328.885009765625,330.8399963378906
22,IVZ,Financials,Asset Management & Custody Banks,S&P 500,142.04,95,96,87,90,29.479999542236328,29.610000610351562,29.06999969482422,29.239999771118164
23,APH,Information Technology,Electronic Components,S&P 500,141.97,95,94,97,94,156.0,157.5399932861328,148.8699951171875,152.5
24,GLW,Information Technology,Electronic Components,S&P 500,141.82,95,96,97,93,95.0,95.64959716796875,92.63500213623047,94.27999877929688
25,CAT,Industrials,Construction Machinery & Heavy Transportation Equipment,S&P 500,141.05,95,94,91,88,649.1099853515625,655.780029296875,640.9099731445312,648.4099731445312
26,INSM,Health Care,Biotechnology,Nasdaq 100,140.11,95,98,98,94,156.66000366210938,160.9499969482422,153.19000244140625,160.38999938964844
27,DG,Consumer Staples,Consumer Staples Merchandise Retail,S&P 500,138.84,94,94,69,78,147.08999633789062,149.2550048828125,143.99000549316406,144.60000610351562
28,EL,Consumer Staples,Personal Care Products,S&P 500,132.97,94,92,86,85,118.54000091552734,120.2699966430664,117.52999877929688,119.48999786376953
29,FCX,Materials,Copper,S&P 500,132.56,94,85,39,41,60.775001525878906,61.720001220703125,58.2400016784668,58.849998474121094
30,ULTA,Consumer Discretionary,Other Specialty Retail,S&P 500,131.67,94,90,79,89,682.8099975585938,693.77001953125,677.0,681.6400146484375
31,EXPE,Consumer Discretionary,"Hotels, Resorts & Cruise Lines",S&P 500,131.42,94,95,87,73,274.3299865722656,283.6099853515625,274.2900085449219,279.6600036621094
32,GM,Consumer Discretionary,Automobile Manufacturers,S&P 500,130.33,94,96,90,67,81.20999908447266,82.27999877929688,80.76000213623047,81.13999938964844
33,GS,Financials,Investment Banking & Brokerage,S&P 500,129.94,93,91,86,89,960.0599975585938,970.9503784179688,950.8099975585938,954.6500244140625
34,MPWR,Information Technology,Semiconductors,S&P 500,129.43,93,87,96,45,1095.5,1098.9300537109375,1072.0008544921875,1076.6700439453125
35,TPR,Consumer Discretionary,"Apparel, Accessories & Luxury Goods",S&P 500,128.71,93,95,97,99,132.63999938964844,133.3000030517578,128.69000244140625,129.52000427246094
36,HOOD,Financials,Investment Banking & Brokerage,S&P 500,128.53,93,98,99,99,107.54000091552734,108.06999969482422,105.0999984741211,106.25
37,INCY,Health Care,Biotechnology,S&P 500,127.26,93,92,88,66,105.0199966430664,106.0438003540039,104.3550033569336,105.05999755859375
38,CFG,Financials,Regional Banks,S&P 500,126.92,92,88,78,74,64.37000274658203,65.87000274658203,64.0199966430664,64.25
39,DD,Materials,Specialty Chemicals,S&P 500,126.89,92,90,60,31,43.70000076293945,44.959999084472656,43.599998474121094,43.790000915527344
40,LHX,Industrials,Aerospace & Defense,S&P 500,126.58,92,78,81,82,348.239990234375,356.3299865722656,346.6549987792969,355.75
41,CAH,Health Care,Health Care Distributors,S&P 500,126.48,92,93,76,86,209.0,209.83999633789062,206.27000427246094,206.88999938964844
42,EXPD,Industrials,Air Freight & Logistics,S&P 500,126.18,92,88,45,39,163.25,164.10989379882812,160.64999389648438,160.8000030517578
43,NUE,Materials,Steel,S&P 500,125.89,91,85,53,54,180.5,182.8699951171875,179.55999755859375,180.27000427246094
44,ADI,Information Technology,Semiconductors,S&P 500,125.75,91,77,60,53,309.4700012207031,313.19000244140625,306.8699951171875,308.5199890136719
45,CRL,Health Care,Life Sciences Tools & Services,S&P 500,125.65,91,84,82,60,228.38999938964844,228.08999633789062,222.30250549316406,224.02999877929688
46,VTRS,Health Care,Pharmaceuticals,S&P 500,125.33,91,83,59,11,13.050000190734863,13.3100004196167,13.029999732971191,13.239999771118164
47,HAL,Energy,Oil & Gas Equipment & Services,S&P 500,124.73,91,76,64,18,33.36000061035156,33.91999816894531,32.54999923706055,33.720001220703125
48,IBKR,Financials,Investment Banking & Brokerage,S&P 500,124.45,90,82,91,97,77.12000274658203,77.76799774169922,76.27999877929688,77.20999908447266
49,SLB,Energy,Oil & Gas Equipment & Services,S&P 500,124.39,90,56,28,12,48.95000076293945,49.57500076293945,48.54499816894531,49.31999969482422
50,HAS,Consumer Discretionary,Leisure Products,S&P 500,123.59,90,81,71,82,88.26000213623047,88.9000015258789,87.98999786376953,88.75
51,ROK,Industrials,Electrical Components & Equipment,S&P 500,123.5,90,86,81,91,425.5899963378906,429.5799865722656,421.68499755859375,425.32000732421875
52,DLTR,Consumer Staples,Consumer Staples Merchandise Retail,S&P 500,123.28,90,94,70,93,131.9199981689453,132.9600067138672,125.30999755859375,126.79000091552734
53,GEV,Industrials,Heavy Electrical Equipment,S&P 500,122.75,89,94,94,99,671.9099731445312,679.239990234375,645.3400268554688,661.6699829101562
54,C,Financials,Diversified Banks,S&P 500,122.65,89,93,86,92,114.56999969482422,116.63999938964844,114.05000305175781,115.66000366210938
55,PH,Industrials,Industrial Machinery & Supplies & Components,S&P 500,122.43,89,85,72,77,952.5499877929688,954.302001953125,938.6799926757812,939.27001953125
56,LUV,Industrials,Passenger Airlines,S&P 500,122.37,89,85,55,51,43.119998931884766,43.904998779296875,42.2400016784668,42.439998626708984
57,HWM,Industrials,Aerospace & Defense,S&P 500,122.1,89,91,93,95,224.33999633789062,226.0,216.11500549316406,217.6999969482422
58,NTRS,Financials,Asset Management & Custody Banks,S&P 500,122.06,88,79,68,91,150.0,157.5998992919922,150.0,153.1199951171875
59,APP,Information Technology,Application Software,S&P 500,121.39,88,97,99,99,539.8599853515625,539.8599853515625,514.3499755859375,521.9400024414062
60,BG,Consumer Staples,Agricultural Products & Services,S&P 500,121.38,88,72,83,22,112.29000091552734,112.8949966430664,111.31500244140625,112.66000366210938
61,LLY,Health Care,Pharmaceuticals,S&P 500,121.35,88,92,39,15,1078.52001953125,1095.47998046875,1071.8499755859375,1087.3800048828125
62,JBL,Information Technology,Electronic Manufacturing Services,S&P 500,121.3,88,82,85,97,256.8299865722656,257.989990234375,242.12010192871094,244.6999969482422
63,STLD,Materials,Steel,S&P 500,120.95,88,91,81,30,181.82000732421875,182.80999755859375,177.80999755859375,178.80999755859375
64,JBHT,Industrials,Cargo Ground Transportation,S&P 500,120.74,87,92,58,22,209.72500610351562,212.0,208.32000732421875,210.72999572753906
65,VLO,Energy,Oil & Gas Refining & Marketing,S&P 500,120.72,87,72,87,53,187.5800018310547,189.30999755859375,185.36500549316406,186.88999938964844
66,FOXA,Communication Services,Broadcasting,S&P 500,120.7,87,89,77,82,73.0,73.18000030517578,72.25499725341797,72.33000183105469
67,PLTR,Information Technology,Application Software,S&P 500,120.61,87,97,99,99,168.9250030517578,168.97000122070312,164.9600067138672,165.89999389648438
68,RTX,Industrials,Aerospace & Defense,S&P 500,120.39,87,89,88,87,198.99000549316406,198.99000549316406,195.80999755859375,196.33999633789062
69,KEYS,Information Technology,Electronic Equipment & Instruments,S&P 500,120.2,86,78,53,56,218.8000030517578,220.11500549316406,214.46499633789062,215.72000122070312
70,LVS,Consumer Discretionary,Casinos & Gaming,S&P 500,119.98,86,93,84,85,60.130001068115234,60.744998931884766,59.77000045776367,59.939998626708984
71,FSLR,Information Technology,Semiconductors,S&P 500,119.35,86,97,92,57,245.02499389648438,247.4499969482422,239.49000549316406,239.67999267578125
72,MS,Financials,Investment Banking & Brokerage,S&P 500,119.06,86,89,86,81,184.52999877929688,186.0399932861328,182.2899932861328,183.0500030517578
73,MNST,Consumer Staples,Soft Drinks & Non-alcoholic Beverages,S&P 500,119.04,86,87,83,53,81.5999984741211,81.81069946289062,80.6050033569336,80.88999938964844
74,MCHP,Information Technology,Semiconductors,S&P 500,118.84,85,59,44,73,79.01000213623047,79.5,75.1592025756836,75.47000122070312
75,IDXX,Health Care,Health Care Equipment,S&P 500,118.76,85,91,88,72,697.4400024414062,703.5399780273438,688.7000122070312,691.0499877929688
76,RL,Consumer Discretionary,"Apparel, Accessories & Luxury Goods",S&P 500,118.25,85,92,91,92,371.8599853515625,377.07000732421875,361.135009765625,363.79998779296875
77,FOX,Communication Services,Broadcasting,S&P 500,118.16,85,83,69,79,65.47000122070312,65.77999877929688,65.0,65.02999877929688
78,FDX,Industrials,Air Freight & Logistics,S&P 500,117.55,85,80,36,16,308.239990234375,311.39990234375,307.20001220703125,309.80999755859375
79,JNJ,Health Care,Pharmaceuticals,S&P 500,117.18,84,88,78,50,218.77000427246094,222.14999389648438,218.10000610351562,218.49000549316406
80,KEY,Financials,Regional Banks,S&P 500,116.47,84,82,53,65,21.700000762939453,22.065000534057617,21.559999465942383,21.56999969482422
81,FER,Industrials,"Military, Government, Technical",Nasdaq 100,115.75,84,89,91,70,67.5199966430664,67.87000274658203,66.94000244140625,67.41000366210938
82,BK,Financials,Asset Management & Custody Banks,S&P 500,115.7,84,85,83,90,120.72000122070312,121.470703125,119.94999694824219,120.18000030517578
83,EME,Industrials,Construction & Engineering,S&P 500,115.59,84,77,95,96,720.5,724.739990234375,690.780029296875,702.8900146484375
84,EPAM,Information Technology,IT Consulting & Other Services,S&P 500,115.2,83,75,11,6,214.47999572753906,219.99000549316406,214.47999572753906,219.0500030517578
85,PWR,Industrials,Construction & Engineering,S&P 500,114.99,83,81,88,91,479.04998779296875,483.2900085449219,459.42999267578125,468.7799987792969
86,MRK,Health Care,Pharmaceuticals,S&P 500,114.92,83,83,35,6,110.77999877929688,111.29000091552734,108.58999633789062,109.18000030517578
87,LMT,Industrials,Aerospace & Defense,S&P 500,114.52,83,47,47,8,585.1799926757812,595.9450073242188,582.4949951171875,593.9099731445312
88,ON,Information Technology,Semiconductors,S&P 500,114.35,83,55,22,55,64.94999694824219,65.75,62.68000030517578,63.06999969482422
89,F,Consumer Discretionary,Automobile Manufacturers,S&P 500,114.2,82,86,90,57,13.779999732971191,13.84000015258789,13.699999809265137,13.710000038146973
90,ROST,Consumer Discretionary,Apparel Retail,S&P 500,114.19,82,87,63,25,192.92999267578125,193.60499572753906,186.4600067138672,187.00999450683594
91,TSLA,Consumer Discretionary,Automobile Manufacturers,S&P 500,113.98,82,87,94,59,435.1600036621094,449.4599914550781,432.6293029785156,449.3599853515625
92,APA,Energy,Oil & Gas Exploration & Production,S&P 500,113.81,82,74,79,24,26.0,26.09000015258789,25.170000076293945,25.549999237060547
93,NDSN,Industrials,Industrial Machinery & Supplies & Components,S&P 500,113.61,82,68,58,34,273.54998779296875,275.42999267578125,272.0010070800781,273.94000244140625
94,TEL,Information Technology,Electronic Manufacturing Services,S&P 500,113.61,82,90,93,92,235.0500030517578,239.5399932861328,230.5800018310547,231.35000610351562
95,FITB,Financials,Regional Banks,S&P 500,113.46,81,70,47,47,53.0,53.33000183105469,50.619998931884766,50.88999938964844
96,CVS,Health Care,Health Care Services,S&P 500,113.45,81,84,92,38,80.98999786376953,82.68000030517578,80.76000213623047,82.68000030517578
97,HCA,Health Care,Health Care Facilities,S&P 500,113.26,81,88,86,40,464.9100036621094,469.0400085449219,461.8500061035156,466.3399963378906
98,STT,Financials,Asset Management & Custody Banks,S&P 500,113.26,81,86,75,84,127.98999786376953,130.3000030517578,127.36000061035156,128.4600067138672
99,BIIB,Health Care,Biotechnology,S&P 500,113.24,81,83,58,8,171.77999877929688,175.2899932861328,171.64999389648438,173.8000030517578
100,REGN,Health Care,Biotechnology,S&P 500,112.97,80,88,14,2,750.3400268554688,764.8900146484375,747.3699951171875,755.510009765625
101,PCAR,Industrials,Construction Machinery & Heavy Transportation Equipment,S&P 500,112.87,80,72,38,39,123.33999633789062,124.52999877929688,122.83999633789062,123.55999755859375
102,USB,Financials,Diversified Banks,S&P 500,112.58,80,77,56,44,55.630001068115234,56.6968994140625,55.630001068115234,56.18000030517578
103,BA,Industrials,Aerospace & Defense,S&P 500,112.41,80,60,73,86,252.0,254.13999938964844,249.77999877929688,251.41000366210938
104,DAL,Industrials,Passenger Airlines,S&P 500,111.91,80,89,69,62,69.77999877929688,71.33000183105469,68.37999725341797,68.94999694824219
105,BKR,Energy,Oil & Gas Equipment & Services,S&P 500,111.84,79,49,72,76,53.5,54.584999084472656,52.90999984741211,54.459999084472656
106,AVGO,Information Technology,Semiconductors,S&P 500,111.64,79,90,96,97,335.3500061035156,336.989990234375,324.8900146484375,325.489990234375
107,EA,Communication Services,Interactive Home Entertainment,S&P 500,111.4,79,87,94,57,204.14999389648438,204.47999572753906,203.85000610351562,204.3800048828125
108,NOC,Industrials,Aerospace & Defense,S&P 500,111.24,79,66,71,75,661.1799926757812,671.0599975585938,660.0,670.4400024414062
109,PNC,Financials,Diversified Banks,S&P 500,111.22,79,67,41,56,225.6199951171875,227.2899932861328,221.5399932861328,222.0
110,ADM,Consumer Staples,Agricultural Products & Services,S&P 500,111.07,78,61,82,47,67.83999633789062,68.05000305175781,66.87999725341797,67.12000274658203
111,BEN,Financials,Asset Management & Custody Banks,S&P 500,110.86,78,70,61,81,25.65999984741211,25.954999923706055,25.614999771118164,25.770000457763672
112,TMO,Health Care,Life Sciences Tools & Services,S&P 500,110.65,78,78,68,18,637.3900146484375,643.989990234375,634.8699951171875,639.4500122070312
113,AME,Industrials,Electrical Components & Equipment,S&P 500,110.55,78,66,54,52,222.13999938964844,223.77000427246094,220.72999572753906,221.9199981689453
114,TXT,Industrials,Aerospace & Defense,S&P 500,110.36,78,69,47,35,96.9800033569336,96.9800033569336,95.81999969482422,96.02999877929688
115,GE,Industrials,Aerospace & Defense,S&P 500,110.35,77,90,92,93,305.8699951171875,310.0,294.8699951171875,295.0
116,CBOE,Financials,Financial Exchanges & Data,S&P 500,110.28,77,66,57,71,274.4100036621094,278.5,274.19000244140625,277.1199951171875
117,IQV,Health Care,Life Sciences Tools & Services,S&P 500,110.07,77,82,70,34,242.0,242.99000549316406,238.2100067138672,239.0500030517578
118,NVDA,Information Technology,Semiconductors,S&P 500,110.03,77,80,90,95,184.7449951171875,186.1699981689453,183.92999267578125,184.83999633789062
119,UAL,Industrials,Passenger Airlines,S&P 500,109.98,77,86,75,88,112.86000061035156,115.06999969482422,110.05500030517578,110.4000015258789
120,RF,Financials,Regional Banks,S&P 500,109.49,76,73,48,71,28.729999542236328,28.98579978942871,28.204999923706055,28.290000915527344
121,GD,Industrials,Aerospace & Defense,S&P 500,109.25,76,77,80,65,364.80999755859375,366.9913024902344,362.6300048828125,365.8299865722656
122,ANET,Information Technology,Communications Equipment,S&P 500,109.18,76,73,95,91,139.83999633789062,146.39999389648438,137.4199981689453,138.41000366210938
123,MAR,Consumer Discretionary,"Hotels, Resorts & Cruise Lines",S&P 500,109.16,76,76,44,44,323.0,327.20001220703125,320.7149963378906,321.6700134277344
124,XOM,Energy,Integrated Oil & Gas,S&P 500,109.14,76,56,47,40,133.0500030517578,134.17999267578125,131.85000610351562,133.63999938964844
125,SWK,Industrials,Industrial Machinery & Supplies & Components,S&P 500,108.9,76,44,25,12,83.93000030517578,84.7771987915039,82.94999694824219,83.7300033569336
126,TKO,Communication Services,Movies & Entertainment,S&P 500,108.84,75,84,82,80,205.61000061035156,205.89500427246094,197.58999633789062,200.1300048828125
127,AKAM,Information Technology,Internet Services & Infrastructure,S&P 500,108.72,75,61,8,5,94.25,97.56500244140625,94.05999755859375,97.02999877929688
128,AMGN,Health Care,Biotechnology,S&P 500,108.63,75,76,35,36,343.82000732421875,349.9800109863281,342.2099914550781,347.07000732421875
129,CRH,Materials,Construction Materials,S&P 500,108.45,75,83,84,41,122.8499984741211,124.66999816894531,122.11000061035156,124.48999786376953
130,AES,Utilities,Independent Power Producers & Energy Traders,S&P 500,108.02,75,70,75,55,14.420000076293945,14.65999984741211,14.130000114440918,14.609999656677246
131,GILD,Health Care,Biotechnology,S&P 500,107.95,74,75,78,81,129.1300048828125,133.10000610351562,129.0,131.13999938964844
132,HST,Real Estate,Hotel & Resort REITs,S&P 500,107.73,74,71,49,36,18.889999389648438,19.299999237060547,18.770000457763672,18.809999465942383
133,MTB,Financials,Regional Banks,S&P 500,107.65,74,59,33,47,219.5,222.17990112304688,216.44000244140625,217.4600067138672
134,EBAY,Consumer Discretionary,Broadline Retail,S&P 500,107.64,74,62,92,94,94.1500015258789,94.2300033569336,92.9000015258789,93.87999725341797
135,COR,Health Care,Health Care Distributors,S&P 500,107.59,74,79,83,61,356.1400146484375,356.51348876953125,351.0199890136719,352.4700012207031
136,EMR,Industrials,Electrical Components & Equipment,S&P 500,107.56,73,57,54,89,150.82000732421875,151.74000549316406,149.32000732421875,150.25999450683594
137,JCI,Industrials,Building Products,S&P 500,107.41,73,84,88,90,116.27999877929688,116.61000061035156,113.96099853515625,114.51000213623047
138,TDY,Information Technology,Electronic Equipment & Instruments,S&P 500,107.28,73,35,49,74,628.8699951171875,630.6099853515625,618.5650024414062,621.6199951171875
139,WAB,Industrials,Construction Machinery & Heavy Transportation Equipment,S&P 500,107.15,73,69,44,44,234.19000244140625,234.89999389648438,231.49000549316406,233.6999969482422
140,PSX,Energy,Oil & Gas Refining & Marketing,S&P 500,107.02,73,50,66,49,140.83999633789062,143.11000061035156,140.0500030517578,141.92999267578125
141,TFC,Financials,Diversified Banks,S&P 500,106.87,72,76,47,48,50.029998779296875,51.130001068115234,50.029998779296875,50.29999923706055
142,AIZ,Financials,Multi-line Insurance,S&P 500,106.67,72,72,61,29,236.83999633789062,238.15499877929688,232.99000549316406,237.4199981689453
143,PFG,Financials,Life & Health Insurance,S&P 500,106.49,72,66,36,35,91.08999633789062,92.69000244140625,91.08999633789062,92.1500015258789
144,DOV,Industrials,Industrial Machinery & Supplies & Components,S&P 500,106.42,72,66,27,33,209.88999938964844,210.7449951171875,207.76499938964844,209.42999267578125
145,SYF,Financials,Consumer Finance,S&P 500,106.24,72,88,79,86,77.86000061035156,79.5199966430664,77.44000244140625,78.0999984741211
146,WMT,Consumer Staples,Consumer Staples Merchandise Retail,S&P 500,106.15,71,74,67,64,119.2750015258789,119.5199966430664,117.65679931640625,117.83000183105469
147,SCHW,Financials,Investment Banking & Brokerage,S&P 500,106.11,71,76,65,88,103.06999969482422,105.80000305175781,103.01000213623047,104.05000305175781
148,NDAQ,Financials,Financial Exchanges & Data,S&P 500,105.58,71,73,54,87,99.0,99.86499786376953,98.4000015258789,98.77999877929688
149,HUBB,Industrials,Industrial Machinery & Supplies & Components,S&P 500,105.14,71,64,52,69,487.75,488.9800109863281,478.6400146484375,484.05999755859375
150,URI,Industrials,Trading Companies & Distributors,S&P 500,105.09,71,50,72,82,949.7899780273438,961.1849975585938,949.3150024414062,956.010009765625
151,CTSH,Information Technology,IT Consulting & Other Services,S&P 500,105.05,70,70,16,21,84.44000244140625,85.73999786376953,84.1500015258789,84.61000061035156
152,TJX,Consumer Discretionary,Apparel Retail,S&P 500,104.73,70,79,71,43,155.94000244140625,156.69000244140625,152.74000549316406,153.4199981689453
153,AXP,Financials,Consumer Finance,S&P 500,104.72,70,79,82,57,362.7300109863281,370.1000061035156,362.7300109863281,368.0199890136719
154,WELL,Real Estate,Health Care REITs,S&P 500,104.71,70,81,80,83,186.0800018310547,186.4600067138672,181.55999755859375,181.9600067138672
155,WSM,Consumer Discretionary,Homefurnishing Retail,S&P 500,104.69,70,54,63,77,216.47999572753906,219.5399932861328,209.52000427246094,210.0
156,CBRE,Real Estate,Real Estate Services,S&P 500,104.64,70,72,74,82,171.25999450683594,172.0998992919922,169.97000122070312,170.1699981689453
157,LOW,Consumer Discretionary,Home Improvement Retail,S&P 500,104.59,69,40,39,20,277.3699951171875,281.3599853515625,274.8800048828125,274.95001220703125
158,BMY,Health Care,Pharmaceuticals,S&P 500,104.17,69,67,13,9,54.61000061035156,55.52000045776367,54.36000061035156,54.939998626708984
159,NEE,Utilities,Multi-Utilities,S&P 500,104.13,69,68,73,37,84.58000183105469,85.51000213623047,83.66999816894531,85.06999969482422
160,RVTY,Health Care,Health Care Equipment,S&P 500,104.12,69,42,26,4,116.8499984741211,118.26000213623047,116.56500244140625,117.75
161,DVN,Energy,Oil & Gas Exploration & Production,S&P 500,103.98,68,59,27,22,37.709999084472656,37.9900016784668,36.95000076293945,37.97999954223633
162,HLT,Consumer Discretionary,"Hotels, Resorts & Cruise Lines",S&P 500,103.98,68,71,57,67,297.489990234375,301.0899963378906,295.1200866699219,295.9200134277344
163,LDOS,Industrials,Diversified Support Services,S&P 500,103.98,68,73,81,51,192.6999969482422,196.05990600585938,189.6699981689453,193.4499969482422
164,VTR,Real Estate,Health Care REITs,S&P 500,103.95,68,81,58,59,78.06999969482422,78.0,76.47000122070312,76.58000183105469
165,WYNN,Consumer Discretionary,Casinos & Gaming,S&P 500,103.86,68,82,89,87,115.55000305175781,117.0,114.3499984741211,115.05999755859375
166,ROL,Industrials,Environmental & Facilities Services,S&P 500,103.82,68,69,52,64,63.380001068115234,63.54999923706055,62.95000076293945,63.31999969482422
167,WAT,Health Care,Life Sciences Tools & Services,S&P 500,103.66,67,71,55,5,397.3599853515625,400.92999267578125,397.0249938964844,400.4200134277344
168,CSCO,Information Technology,Communications Equipment,S&P 500,103.59,67,80,73,83,73.87999725341797,74.77999877929688,73.87999725341797,74.33000183105469
169,HSIC,Health Care,Health Care Distributors,S&P 500,103.38,67,63,17,26,79.15499877929688,79.43499755859375,78.23999786376953,78.47000122070312
170,MCK,Health Care,Health Care Distributors,S&P 500,103.34,67,75,85,64,823.8300170898438,826.6599731445312,814.989990234375,817.0499877929688
171,COF,Financials,Consumer Finance,S&P 500,103.24,67,80,76,82,233.0500030517578,237.97999572753906,232.30999755859375,235.07000732421875
172,IBM,Information Technology,IT Consulting & Other Services,S&P 500,103.1,66,75,87,67,299.4200134277344,300.92498779296875,293.5321044921875,294.6700134277344
173,GNRC,Industrials,Electrical Components & Equipment,S&P 500,102.62,66,18,88,93,177.94000244140625,181.11000061035156,172.85000610351562,175.33999633789062
174,PM,Consumer Staples,Tobacco,S&P 500,102.22,66,52,56,78,169.0800018310547,170.16000366210938,167.0,170.0500030517578
175,EW,Health Care,Health Care Equipment,S&P 500,102.21,66,71,40,63,85.23999786376953,86.19499969482422,84.31500244140625,84.44000244140625
176,NRG,Utilities,Independent Power Producers & Energy Traders,S&P 500,102.19,66,82,95,98,152.82000732421875,153.55999755859375,149.55999755859375,151.08999633789062
177,MLM,Materials,Construction Materials,S&P 500,102.14,65,70,65,46,646.6900024414062,657.22998046875,639.2899780273438,652.0700073242188
178,UPS,Industrials,Air Freight & Logistics,S&P 500,102.06,65,53,7,3,108.98999786376953,110.04000091552734,108.87000274658203,109.30000305175781
179,TRGP,Energy,Oil & Gas Storage & Transportation,S&P 500,102.04,65,46,13,44,190.10000610351562,192.71499633789062,189.55999755859375,191.4600067138672
180,ODFL,Industrials,Cargo Ground Transportation,S&P 500,101.97,65,39,3,8,178.86000061035156,181.25,177.0800018310547,178.25
181,TXN,Information Technology,Semiconductors,S&P 500,101.74,64,26,19,42,197.3000030517578,199.3800048828125,193.69000244140625,194.99000549316406
182,BAC,Financials,Diversified Banks,S&P 500,101.74,64,76,76,67,52.470001220703125,53.130001068115234,52.33000183105469,52.45000076293945
183,QQQ,--- Reference ---,--- Reference ---,--- Reference ---,101.59,64,67,77,72,622.3900146484375,622.3900146484375,617.780029296875,620.760009765625
184,NXPI,Information Technology,Semiconductors,S&P 500,101.58,64,52,38,40,237.30499267578125,241.10000610351562,235.22000122070312,236.75
185,HBAN,Financials,Regional Banks,S&P 500,101.39,64,63,41,55,18.299999237060547,18.43000030517578,17.614999771118164,17.639999389648438
186,MTD,Health Care,Life Sciences Tools & Services,S&P 500,101.31,64,71,70,35,1449.780029296875,1456.75,1431.0,1438.1099853515625
187,STE,Health Care,Health Care Equipment,S&P 500,101.22,64,61,55,37,260.2099914550781,263.1300048828125,259.0199890136719,260.8999938964844
188,ABBV,Health Care,Biotechnology,S&P 500,101.21,63,73,83,41,216.27999877929688,219.0399932861328,214.8000030517578,218.11000061035156
189,TECH,Health Care,Life Sciences Tools & Services,S&P 500,101.01,63,50,57,11,71.79000091552734,72.16000366210938,69.30000305175781,69.6500015258789
190,CNC,Health Care,Managed Health Care,S&P 500,101.0,63,11,10,0,45.150001525878906,45.630001068115234,44.709999084472656,45.41999816894531
191,SNA,Industrials,Industrial Machinery & Supplies & Components,S&P 500,100.99,63,54,53,41,373.239990234375,375.1700134277344,370.94000244140625,372.2699890136719
192,JKHY,Financials,Transaction & Payment Processing Services,S&P 500,100.98,63,65,14,28,187.9199981689453,190.1300048828125,187.1699981689453,188.6999969482422
193,HON,Industrials,Industrial Conglomerates,S&P 500,100.91,62,29,36,49,219.8800048828125,223.43780517578125,219.69000244140625,222.5399932861328
194,WFC,Financials,Diversified Banks,S&P 500,100.71,62,79,74,74,86.43000030517578,89.0,86.45999908447266,88.04000091552734
195,TSN,Consumer Staples,Packaged Foods & Meats,S&P 500,100.58,62,52,19,13,59.880001068115234,61.130001068115234,59.80500030517578,61.119998931884766
196,CVX,Energy,Integrated Oil & Gas,S&P 500,100.49,62,36,49,48,166.25999450683594,167.55999755859375,165.72999572753906,166.66000366210938
197,ALNY,Health Care,Biotechnology,Nasdaq 100,100.49,62,81,96,95,365.5,376.8699951171875,363.3599853515625,370.0
198,SHOP,Technology,Computer Software,Nasdaq 100,100.43,61,91,97,93,141.8300018310547,144.1199951171875,137.24000549316406,137.63999938964844
199,MDT,Health Care,Health Care Equipment,S&P 500,100.37,61,64,49,50,100.41500091552734,102.08000183105469,100.11499786376953,101.33999633789062
200,APTV,Consumer Discretionary,Automotive Parts & Equipment,S&P 500,100.3,61,60,89,58,80.51000213623047,81.72750091552734,77.37000274658203,77.52999877929688
201,MCO,Financials,Financial Exchanges & Data,S&P 500,100.28,61,56,41,62,528.1900024414062,533.8400268554688,526.030029296875,530.239990234375
202,UHS,Health Care,Health Care Facilities,S&P 500,100.26,61,78,72,10,203.44000244140625,206.1199951171875,203.4199981689453,205.7100067138672
203,PLD,Real Estate,Industrial REITs,S&P 500,100.22,60,77,69,25,130.6999969482422,131.0399932861328,126.44000244140625,126.66999816894531
204,ES,Utilities,Electric Utilities,S&P 500,100.1,60,56,80,59,71.2699966430664,71.56999969482422,70.27999877929688,70.44999694824219
205,HSY,Consumer Staples,Packaged Foods & Meats,S&P 500,100.07,60,55,50,59,195.5399932861328,196.16000366210938,190.5800018310547,190.64999389648438
206,DHR,Health Care,Life Sciences Tools & Services,S&P 500,100.01,60,67,39,12,242.3300018310547,242.75,239.49000549316406,240.0800018310547
207,SPY,--- Reference ---,--- Reference ---,--- Reference ---,100.0,59,63,68,63,689.8499755859375,691.125,686.9199829101562,688.97998046875
208,SPG,Real Estate,Retail REITs,S&P 500,100.0,59,64,57,42,184.91000366210938,187.92999267578125,183.8699951171875,185.10000610351562
209,PHM,Consumer Discretionary,Homebuilding,S&P 500,99.99,59,47,45,29,130.5800018310547,131.8000030517578,126.78500366210938,127.7699966430664
210,CTRA,Energy,Oil & Gas Exploration & Production,S&P 500,99.87,59,44,26,30,26.760000228881836,27.405000686645508,26.6200008392334,27.280000686645508
211,SOLV,Health Care,Health Care Technology,S&P 500,99.82,59,65,33,49,80.44000244140625,81.2249984741211,80.04499816894531,80.26000213623047
212,DE,Industrials,Agricultural & Farm Machinery,S&P 500,99.78,59,37,38,78,529.260009765625,532.6099853515625,521.1599731445312,522.3800048828125
213,CTVA,Materials,Fertilizers & Agricultural Chemicals,S&P 500,99.73,58,44,28,75,71.87000274658203,72.2865982055664,71.30000305175781,71.55999755859375
214,DOW,Materials,Commodity Chemicals,S&P 500,99.65,58,10,3,0,28.610000610351562,29.086599349975586,28.270000457763672,28.329999923706055
215,IEX,Industrials,Industrial Machinery & Supplies & Components,S&P 500,99.63,58,43,12,7,199.7899932861328,200.0749969482422,197.25,197.83999633789062
216,L,Financials,Multi-line Insurance,S&P 500,99.45,58,74,70,53,102.13999938964844,102.45999908447266,101.48999786376953,102.4000015258789
217,JPM,Financials,Diversified Banks,S&P 500,99.2,58,74,71,85,304.8599853515625,308.19000244140625,302.9200134277344,303.6300048828125
218,NSC,Industrials,Rail Transportation,S&P 500,99.09,58,67,62,72,289.30999755859375,291.4599914550781,288.2099914550781,289.0799865722656
219,FE,Utilities,Electric Utilities,S&P 500,98.97,57,62,66,44,47.349998474121094,47.39500045776367,46.43000030517578,47.04999923706055
220,VMC,Materials,Construction Materials,S&P 500,98.94,57,59,63,43,301.4800109863281,306.5899963378906,298.0849914550781,303.2699890136719
221,EIX,Utilities,Electric Utilities,S&P 500,98.76,57,56,36,8,60.95000076293945,61.540000915527344,60.150001525878906,60.7400016784668
222,GPC,Consumer Discretionary,Distributors,S&P 500,98.51,57,41,56,50,136.9600067138672,138.0,136.02999877929688,136.83999633789062
223,CCL,Consumer Discretionary,"Hotels, Resorts & Cruise Lines",S&P 500,98.51,57,80,81,94,28.8700008392334,28.96500015258789,28.40999984741211,28.489999771118164
224,PFE,Health Care,Pharmaceuticals,S&P 500,98.41,56,51,37,17,25.899999618530273,26.309999465942383,25.75,26.100000381469727
225,ALLE,Industrials,Building Products,S&P 500,98.4,56,58,65,79,166.77000427246094,167.69000244140625,164.3800048828125,166.9199981689453
226,XYL,Industrials,Industrial Machinery & Supplies & Components,S&P 500,98.39,56,57,75,71,142.60000610351562,143.25999450683594,141.3101043701172,142.91000366210938
227,HOLX,Health Care,Health Care Equipment,S&P 500,98.31,56,68,58,30,75.20999908447266,75.30500030517578,75.0425033569336,75.11000061035156
228,BLK,Financials,Asset Management & Custody Banks,S&P 500,98.2,56,49,64,73,1137.5999755859375,1148.02001953125,1132.4599609375,1139.719970703125
229,CINF,Financials,Property & Casualty Insurance,S&P 500,98.02,55,68,61,52,161.57000732421875,161.57000732421875,157.55999755859375,158.14999389648438
230,SPGI,Financials,Financial Exchanges & Data,S&P 500,97.94,55,48,26,60,532.8499755859375,540.5499877929688,531.219970703125,539.7999877929688
231,SBUX,Consumer Discretionary,Restaurants,S&P 500,97.74,55,32,22,42,96.5,97.80000305175781,94.86000061035156,95.83000183105469
232,CB,Financials,Property & Casualty Insurance,S&P 500,97.7,55,61,40,24,298.2699890136719,301.3399963378906,297.04998779296875,300.9200134277344
233,EVRG,Utilities,Electric Utilities,S&P 500,97.69,55,58,77,67,77.02999877929688,77.13999938964844,76.02999877929688,76.2300033569336
234,AEP,Utilities,Electric Utilities,S&P 500,97.57,54,68,64,66,118.70999908447266,119.36000061035156,117.02999877929688,117.18000030517578
235,ECL,Materials,Specialty Chemicals,S&P 500,97.39,54,48,62,49,280.9200134277344,281.5,278.70001220703125,281.4800109863281
236,YUM,Consumer Discretionary,Restaurants,S&P 500,97.37,54,55,45,47,154.42999267578125,155.25,153.02000427246094,153.52999877929688
237,BALL,Materials,"Metal, Glass & Plastic Containers",S&P 500,97.35,54,41,11,39,55.79999923706055,56.83000183105469,55.79999923706055,56.290000915527344
238,CME,Financials,Financial Exchanges & Data,S&P 500,97.34,54,53,55,76,279.04998779296875,282.7598876953125,278.1400146484375,281.3900146484375
239,MPC,Energy,Oil & Gas Refining & Marketing,S&P 500,97.3,53,43,84,70,176.47999572753906,177.94000244140625,174.30999755859375,175.75999450683594
240,AMZN,Consumer Discretionary,Broadline Retail,S&P 500,97.23,53,51,52,77,234.0449981689453,235.72000122070312,230.89999389648438,234.33999633789062
241,KMI,Energy,Oil & Gas Storage & Transportation,S&P 500,97.08,53,33,30,69,29.1299991607666,30.179899215698242,28.93000030517578,29.690000534057617
242,HIG,Financials,Property & Casualty Insurance,S&P 500,97.07,53,69,48,52,129.6699981689453,129.96499633789062,128.4499969482422,129.9499969482422
243,CSX,Industrials,Rail Transportation,S&P 500,96.9,53,69,62,69,36.40999984741211,36.77000045776367,35.625,35.779998779296875
244,DAY,Industrials,Human Resource & Employment Services,S&P 500,96.71,52,54,60,23,69.30999755859375,69.37000274658203,69.16000366210938,69.26000213623047
245,GEHC,Health Care,Health Care Equipment,S&P 500,96.7,52,60,30,17,81.43000030517578,83.20999908447266,81.22000122070312,81.88999938964844
246,AAPL,Information Technology,"Technology Hardware, Storage & Peripherals",S&P 500,96.63,52,70,80,20,249.1999969482422,251.0,248.17999267578125,248.35000610351562
247,ICE,Financials,Financial Exchanges & Data,S&P 500,96.61,52,27,20,66,171.97000122070312,174.82000732421875,171.74749755859375,174.35000610351562
248,O,Real Estate,Retail REITs,S&P 500,96.5,52,44,52,35,61.7599983215332,61.95000076293945,60.790000915527344,60.849998474121094
249,DRI,Consumer Discretionary,Restaurants,S&P 500,96.47,52,31,31,70,208.58999633789062,209.22000122070312,205.05999755859375,205.16000366210938
250,RJF,Financials,Investment Banking & Brokerage,S&P 500,96.41,51,51,52,78,171.67999267578125,172.639892578125,170.44500732421875,171.57000732421875
251,TROW,Financials,Asset Management & Custody Banks,S&P 500,96.39,51,51,43,40,106.5199966430664,108.16000366210938,106.41999816894531,107.0999984741211
252,WMB,Energy,Oil & Gas Storage & Transportation,S&P 500,96.28,51,37,45,70,63.41999816894531,64.33059692382812,62.880001068115234,63.720001220703125
253,FAST,Industrials,Trading Companies & Distributors,S&P 500,96.28,51,38,47,80,44.82500076293945,44.939998626708984,44.16999816894531,44.779998779296875
254,MSCI,Financials,Financial Exchanges & Data,S&P 500,96.22,51,38,26,35,592.510009765625,597.6099853515625,586.5800170898438,591.25
255,MRVL,Technology,Semiconductors,Nasdaq 100,96.1,50,46,61,64,84.47000122070312,85.3499984741211,82.73999786376953,83.0999984741211
256,GL,Financials,Life & Health Insurance,S&P 500,96.08,50,65,50,87,138.66000366210938,139.78990173339844,137.05999755859375,138.30999755859375
257,TRV,Financials,Property & Casualty Insurance,S&P 500,96.07,50,65,50,48,271.07000732421875,278.69000244140625,269.5,278.4800109863281
258,DHI,Consumer Discretionary,Homebuilding,S&P 500,96.07,50,41,56,28,160.8699951171875,161.4217987060547,155.5,155.74000549316406
259,D,Utilities,Multi-Utilities,S&P 500,95.97,50,46,59,51,61.029998779296875,61.15999984741211,59.900001525878906,59.93000030517578
260,DGX,Health Care,Health Care Services,S&P 500,95.87,49,44,63,45,185.11000061035156,185.47000122070312,182.00999450683594,182.16000366210938
261,IR,Industrials,Industrial Machinery & Supplies & Components,S&P 500,95.8,49,27,18,27,90.3499984741211,90.80000305175781,87.20999908447266,87.55000305175781
262,MO,Consumer Staples,Tobacco,S&P 500,95.78,49,39,79,77,60.81999969482422,61.339900970458984,60.400001525878906,61.029998779296875
263,WY,Real Estate,Timber REITs,S&P 500,95.71,49,18,11,10,27.110000610351562,27.600000381469727,26.770000457763672,26.790000915527344
264,TTWO,Communication Services,Interactive Home Entertainment,S&P 500,95.69,48,63,85,74,239.55999755859375,241.5500030517578,233.85000610351562,241.10000610351562
265,AOS,Industrials,Building Products,S&P 500,95.69,48,36,29,33,72.7300033569336,73.38999938964844,72.29000091552734,73.08999633789062
266,ELV,Health Care,Managed Health Care,S&P 500,95.65,48,26,30,1,368.6600036621094,372.94500732421875,364.8900146484375,372.239990234375
267,TDG,Industrials,Aerospace & Defense,S&P 500,95.47,48,39,35,76,1447.75,1451.0,1419.3599853515625,1420.52001953125
268,EXE,Energy,Oil & Gas Exploration & Production,S&P 500,95.44,48,47,59,69,110.02999877929688,110.91999816894531,107.91000366210938,109.48999786376953
269,NI,Utilities,Multi-Utilities,S&P 500,95.41,48,50,67,77,43.90999984741211,44.02899932861328,43.27000045776367,43.52000045776367
270,COP,Energy,Oil & Gas Exploration & Production,S&P 500,95.31,47,35,17,31,97.01000213623047,97.01000213623047,95.97000122070312,96.87999725341797
271,PPG,Materials,Specialty Chemicals,S&P 500,95.27,47,23,18,14,113.16000366210938,114.5199966430664,112.54000091552734,113.91000366210938
272,TGT,Consumer Staples,Consumer Staples Merchandise Retail,S&P 500,95.19,47,29,6,7,106.58000183105469,106.80999755859375,104.80000305175781,106.5
273,ETR,Utilities,Electric Utilities,S&P 500,95.1,47,62,80,85,95.7300033569336,95.7699966430664,93.38999938964844,93.54000091552734
274,PKG,Materials,Paper & Plastic Packaging Products & Materials,S&P 500,94.94,47,38,31,31,221.02999877929688,222.69000244140625,217.6343994140625,218.75999450683594
275,PNR,Industrials,Industrial Machinery & Supplies & Components,S&P 500,94.8,47,45,64,56,108.06999969482422,109.05500030517578,107.37999725341797,108.13999938964844
276,PRU,Financials,Life & Health Insurance,S&P 500,94.78,46,58,24,19,109.2699966430664,110.22000122070312,108.38999938964844,108.7699966430664
277,DIS,Communication Services,Movies & Entertainment,S&P 500,94.73,46,40,50,83,113.16500091552734,114.27999877929688,112.16999816894531,113.20999908447266
278,MMM,Industrials,Industrial Conglomerates,S&P 500,94.65,46,60,76,58,156.55999755859375,162.49000549316406,156.1999969482422,160.6300048828125
279,A,Health Care,Life Sciences Tools & Services,S&P 500,94.56,46,64,77,19,139.3000030517578,141.19000244140625,138.42999267578125,138.6300048828125
280,FTV,Industrials,Industrial Machinery & Supplies & Components,S&P 500,94.53,46,54,19,12,54.93000030517578,55.08000183105469,54.36000061035156,54.720001220703125
281,KO,Consumer Staples,Soft Drinks & Non-alcoholic Beverages,S&P 500,94.47,45,54,45,37,71.82499694824219,72.04000091552734,71.44499969482422,71.87000274658203
282,LNT,Utilities,Electric Utilities,S&P 500,94.37,45,53,65,62,67.46499633789062,67.55249786376953,66.54000091552734,66.87000274658203
283,CNP,Utilities,Multi-Utilities,S&P 500,94.07,45,52,68,75,39.599998474121094,39.630001068115234,38.849998474121094,38.869998931884766
284,GWW,Industrials,Industrial Machinery & Supplies & Components,S&P 500,93.92,45,46,18,32,1062.9300537109375,1067.969970703125,1057.050048828125,1066.6300048828125
285,LH,Health Care,Health Care Services,S&P 500,93.91,45,38,70,62,265.6099853515625,271.8599853515625,268.2699890136719,269.9700012207031
286,FRT,Real Estate,Retail REITs,S&P 500,93.83,44,47,43,14,102.62000274658203,103.58999633789062,101.55000305175781,101.66000366210938
287,BDX,Health Care,Health Care Equipment,S&P 500,93.72,44,39,16,9,206.0500030517578,207.60000610351562,204.27999877929688,206.0399932861328
288,AVY,Materials,Paper & Plastic Packaging Products & Materials,S&P 500,93.57,44,52,37,15,185.4600067138672,187.41799926757812,184.5500030517578,185.94000244140625
289,EQT,Energy,Oil & Gas Exploration & Production,S&P 500,93.44,44,46,68,83,55.5,55.70000076293945,54.040000915527344,54.72999954223633
290,COO,Health Care,Health Care Supplies,S&P 500,93.42,44,63,10,3,82.2300033569336,83.79000091552734,82.2300033569336,82.80000305175781
291,RCL,Consumer Discretionary,"Hotels, Resorts & Cruise Lines",S&P 500,93.39,43,62,84,96,282.0,287.19000244140625,280.32000732421875,285.54998779296875
292,WM,Industrials,Environmental & Facilities Services,S&P 500,93.35,43,37,27,48,226.47999572753906,229.61000061035156,226.4199981689453,229.0
293,FANG,Energy,Oil & Gas Exploration & Production,S&P 500,93.28,43,41,22,22,150.72999572753906,152.5706024169922,149.1999969482422,151.85000610351562
294,ORLY,Consumer Discretionary,Automotive Retail,S&P 500,93.24,43,33,56,69,98.2699966430664,99.30560302734375,97.70999908447266,98.87999725341797
295,HPE,Information Technology,"Technology Hardware, Storage & Peripherals",S&P 500,93.24,43,78,78,68,21.299999237060547,21.934999465942383,21.299999237060547,21.360000610351562
296,CF,Materials,Fertilizers & Agricultural Chemicals,S&P 500,93.21,42,17,34,70,91.58000183105469,92.87000274658203,88.77999877929688,89.2300033569336
297,SRE,Utilities,Multi-Utilities,S&P 500,93.13,42,64,72,46,86.48999786376953,87.12000274658203,85.2699966430664,85.75
298,VRTX,Health Care,Biotechnology,S&P 500,93.1,42,61,15,23,463.5799865722656,472.5799865722656,458.94000244140625,467.3500061035156
299,SNPS,Information Technology,Application Software,S&P 500,93.06,42,39,11,88,522.739990234375,525.0,500.0,509.4700012207031
300,ITW,Industrials,Industrial Machinery & Supplies & Components,S&P 500,92.98,42,35,29,45,261.07000732421875,262.6099853515625,259.3699951171875,259.69000244140625
301,AEE,Utilities,Multi-Utilities,S&P 500,92.9,41,49,61,65,104.05999755859375,104.32430267333984,102.45010375976562,102.9000015258789
302,CPAY,Financials,Transaction & Payment Processing Services,S&P 500,92.85,41,29,5,29,318.1000061035156,327.5400085449219,316.9800109863281,327.1400146484375
303,XEL,Utilities,Multi-Utilities,S&P 500,92.85,41,49,76,66,76.5,76.93000030517578,75.41000366210938,75.86000061035156
304,UNP,Industrials,Rail Transportation,S&P 500,92.79,41,45,25,29,229.47000122070312,232.85000610351562,229.2899932861328,231.3699951171875
305,SHW,Materials,Specialty Chemicals,S&P 500,92.62,41,24,28,19,358.4200134277344,362.1600036621094,350.1400146484375,350.6300048828125
306,MGM,Consumer Discretionary,Casinos & Gaming,S&P 500,92.62,41,63,18,42,34.2400016784668,34.84000015258789,34.0099983215332,34.41999816894531
307,ATO,Utilities,Gas Utilities,S&P 500,92.45,40,60,74,54,169.30999755859375,169.08999633789062,163.77000427246094,165.39999389648438
308,ED,Utilities,Multi-Utilities,S&P 500,92.44,40,43,31,38,103.5999984741211,104.4800033569336,101.25,103.18000030517578
309,ABNB,Consumer Discretionary,"Hotels, Resorts & Cruise Lines",S&P 500,92.43,40,56,29,38,134.2899932861328,137.125,133.50999450683594,133.8000030517578
310,MAS,Industrials,Building Products,S&P 500,92.43,40,20,29,27,70.56999969482422,70.95500183105469,69.30999755859375,69.9000015258789
311,CRWD,Information Technology,Systems Software,S&P 500,92.23,40,65,89,90,453.5400085449219,454.46990966796875,446.2799987792969,453.7699890136719
312,PNW,Utilities,Multi-Utilities,S&P 500,92.19,39,41,48,43,93.4000015258789,93.3949966430664,92.06999969482422,92.41999816894531
313,PPL,Utilities,Electric Utilities,S&P 500,92.11,39,43,58,54,37.15999984741211,37.209999084472656,36.619998931884766,36.630001068115234
314,AFL,Financials,Life & Health Insurance,S&P 500,92.05,39,48,43,26,108.11000061035156,108.77999877929688,107.47000122070312,108.30000305175781
315,COST,Consumer Staples,Consumer Staples Merchandise Retail,S&P 500,92.01,39,15,33,38,977.8900146484375,984.0,971.5601196289062,976.1699829101562
316,AMP,Financials,Asset Management & Custody Banks,S&P 500,91.81,39,30,21,52,507.29998779296875,511.7850036621094,504.760009765625,508.07000732421875
317,ACGL,Financials,Property & Casualty Insurance,S&P 500,91.79,38,53,23,17,91.69000244140625,92.55999755859375,90.95999908447266,92.51000213623047
318,MELI,Consumer Discretionary,Catalog/Specialty Distribution,Nasdaq 100,91.76,38,15,36,73,2113.405029296875,2166.0,2111.010009765625,2153.75
319,MCD,Consumer Discretionary,Restaurants,S&P 500,91.41,38,55,42,42,306.1499938964844,307.6300048828125,304.95001220703125,306.0299987792969
320,ALL,Financials,Property & Casualty Insurance,S&P 500,91.33,38,47,37,54,192.58999633789062,195.49000549316406,191.16000366210938,195.27999877929688
321,VRSN,Information Technology,Internet Services & Infrastructure,S&P 500,91.26,38,30,46,81,252.97999572753906,254.82000732421875,250.00999450683594,251.5
322,CCEP,Consumer Staples,Soft Drinks,Nasdaq 100,91.05,37,58,51,79,89.33000183105469,90.23999786376953,89.16999816894531,89.6500015258789
323,BKNG,Consumer Discretionary,"Hotels, Resorts & Cruise Lines",S&P 500,91.03,37,45,46,80,5212.259765625,5248.60986328125,5119.07177734375,5150.89990234375
324,APO,Financials,Asset Management & Custody Banks,S&P 500,90.94,37,45,7,43,140.55999755859375,141.6699981689453,139.4199981689453,139.72999572753906
325,RMD,Health Care,Health Care Equipment,S&P 500,90.9,37,33,42,71,262.0,264.0,254.64999389648438,255.35000610351562
326,SYY,Consumer Staples,Food Distributors,S&P 500,90.87,37,31,46,60,76.91000366210938,77.33000183105469,76.43000030517578,76.83999633789062
327,ACN,Information Technology,IT Consulting & Other Services,S&P 500,90.86,36,26,3,4,283.8299865722656,289.0,283.3900146484375,285.0899963378906
328,OMC,Communication Services,Advertising,S&P 500,90.67,36,46,32,7,78.41000366210938,79.70999908447266,78.47000122070312,79.23999786376953
329,DTE,Utilities,Multi-Utilities,S&P 500,90.59,36,34,60,60,137.24000549316406,137.63999938964844,135.08999633789062,135.19000244140625
330,WEC,Utilities,Electric Utilities,S&P 500,90.59,36,42,65,64,109.5999984741211,110.11000061035156,108.08999633789062,109.3499984741211
331,CL,Consumer Staples,Household Products,S&P 500,90.57,36,19,11,15,84.83999633789062,85.94999694824219,84.50240325927734,85.80999755859375
332,CDNS,Information Technology,Application Software,S&P 500,90.5,35,40,66,89,317.0,317.80999755859375,310.7950134277344,317.0899963378906
333,EXC,Utilities,Electric Utilities,S&P 500,90.29,35,51,67,58,44.91999816894531,44.97999954223633,44.25,44.599998474121094
334,VLTO,Industrials,Environmental & Facilities Services,S&P 500,90.2,35,36,41,46,102.12000274658203,102.5199966430664,101.19000244140625,101.4800033569336
335,ARES,Financials,Asset Management & Custody Banks,S&P 500,89.99,35,45,8,70,163.94000244140625,165.16000366210938,160.44000244140625,161.52000427246094
336,HD,Consumer Discretionary,Home Improvement Retail,S&P 500,89.97,35,17,39,31,386.45001220703125,390.57000732421875,380.57000732421875,381.0299987792969
337,REG,Real Estate,Retail REITs,S&P 500,89.82,35,33,44,40,71.02999877929688,72.12999725341797,70.68000030517578,70.86000061035156
338,OXY,Energy,Oil & Gas Exploration & Production,S&P 500,89.81,34,12,21,21,43.1349983215332,43.33000183105469,42.349998474121094,43.150001525878906
339,UBER,Industrials,Passenger Ground Transportation,S&P 500,89.77,34,34,75,78,83.5,85.43000030517578,81.51000213623047,82.55999755859375
340,NVR,Consumer Discretionary,Homebuilding,S&P 500,89.77,34,25,20,24,7820.0,7896.009765625,7760.39013671875,7762.31005859375
341,IFF,Materials,Specialty Chemicals,S&P 500,89.77,34,23,3,4,71.51000213623047,73.12000274658203,71.59320068359375,72.16000366210938
342,STZ,Consumer Staples,Distillers & Vintners,S&P 500,89.74,34,15,1,5,162.86000061035156,163.49000549316406,159.85000610351562,160.72000122070312
343,OKE,Energy,Oil & Gas Storage & Transportation,S&P 500,89.54,33,14,3,26,76.26000213623047,78.68000030517578,75.94000244140625,78.55999755859375
344,VZ,Communication Services,Integrated Telecommunication Services,S&P 500,89.53,33,29,25,50,39.31999969482422,39.689998626708984,39.25,39.47999954223633
345,NWS,Communication Services,Publishing,S&P 500,89.33,33,19,27,61,30.350000381469727,30.985000610351562,30.350000381469727,30.950000762939453
346,ISRG,Health Care,Health Care Equipment,S&P 500,89.32,33,75,50,23,526.6799926757812,532.0,522.719970703125,525.8099975585938
347,ALGN,Health Care,Health Care Supplies,S&P 500,89.28,33,36,0,0,171.14999389648438,172.36000061035156,167.48500061035156,168.9199981689453
348,WTW,Financials,Insurance Brokers,S&P 500,89.19,32,43,57,46,318.4100036621094,322.4700012207031,317.4599914550781,322.4700012207031
349,HUM,Health Care,Managed Health Care,S&P 500,89.06,32,42,69,11,270.8500061035156,274.7200012207031,265.4100036621094,266.2900085449219
350,PEP,Consumer Staples,Soft Drinks & Non-alcoholic Beverages,S&P 500,88.87,32,52,46,21,146.56219482421875,147.1300048828125,144.19000244140625,144.39999389648438
351,WRB,Financials,Property & Casualty Insurance,S&P 500,88.72,32,50,73,62,67.41000366210938,67.63999938964844,67.0,67.5199966430664
352,CMS,Utilities,Multi-Utilities,S&P 500,88.72,32,40,54,52,71.55000305175781,71.94000244140625,70.82499694824219,70.97000122070312
353,J,Industrials,Construction & Engineering,S&P 500,88.69,31,38,74,60,139.3300018310547,140.8300018310547,139.10040283203125,140.08999633789062
354,CPT,Real Estate,Multi-Family Residential REITs,S&P 500,88.67,31,35,20,28,107.30999755859375,109.18000030517578,106.31999969482422,106.47000122070312
355,TAP,Consumer Staples,Brewers,S&P 500,88.58,31,22,7,13,50.310001373291016,50.70000076293945,49.529998779296875,49.7599983215332
356,QCOM,Information Technology,Semiconductors,S&P 500,88.57,31,58,52,26,158.4600067138672,159.41000366210938,156.8365936279297,157.8000030517578
357,META,Communication Services,Interactive Media & Services,S&P 500,88.5,30,27,74,92,629.3499755859375,648.22998046875,626.5499877929688,647.6300048828125
358,LIN,Materials,Industrial Gases,S&P 500,88.5,30,20,29,40,440.5,447.27801513671875,439.8500061035156,445.6400146484375
359,OTIS,Industrials,Industrial Machinery & Supplies & Components,S&P 500,88.43,30,22,34,13,89.8499984741211,90.38999938964844,89.16000366210938,90.2699966430664
360,MET,Financials,Life & Health Insurance,S&P 500,88.39,30,42,34,27,76.62000274658203,77.2699966430664,76.2020034790039,76.91999816894531
361,DUK,Utilities,Electric Utilities,S&P 500,88.36,30,40,60,50,119.1500015258789,119.51000213623047,117.625,117.70999908447266
362,BRK.B,Financials,Multi-Sector Holdings,S&P 500,88.24,30,41,41,29,483.260009765625,485.8800048828125,481.7200012207031,484.489990234375
363,EXR,Real Estate,Self-Storage REITs,S&P 500,88.17,29,23,36,11,145.27000427246094,146.25,143.52999877929688,143.75999450683594
364,LYB,Materials,Specialty Chemicals,S&P 500,88.03,29,2,1,6,52.0099983215332,52.904998779296875,51.279998779296875,51.540000915527344
365,AZO,Consumer Discretionary,Automotive Retail,S&P 500,88.03,29,18,54,61,3657.989990234375,3707.9599609375,3640.760009765625,3698.6298828125
366,BX,Financials,Asset Management & Custody Banks,S&P 500,88.0,29,28,23,72,157.2899932861328,157.8300018310547,154.72000122070312,154.91000366210938
367,NWSA,Communication Services,Publishing,S&P 500,87.87,29,16,24,53,26.209999084472656,26.844999313354492,26.209999084472656,26.729999542236328
368,UDR,Real Estate,Multi-Family Residential REITs,S&P 500,87.79,29,19,13,24,37.66999816894531,38.099998474121094,37.27000045776367,37.54999923706055
369,DDOG,Information Technology,Application Software,S&P 500,87.75,28,57,78,75,128.2899932861328,133.5,127.45999908447266,131.25
370,MTCH,Communication Services,Interactive Media & Services,S&P 500,87.69,28,36,28,45,31.309999465942383,31.729999542236328,31.219999313354492,31.520000457763672
371,PSA,Real Estate,Self-Storage REITs,S&P 500,87.56,28,21,42,15,289.04998779296875,290.6098937988281,285.30999755859375,286.5799865722656
372,TT,Industrials,Building Products,S&P 500,87.48,28,34,51,74,398.4800109863281,399.95001220703125,388.3599853515625,390.1300048828125
373,DXCM,Health Care,Health Care Equipment,S&P 500,87.31,28,17,10,58,71.73999786376953,75.97000122070312,70.77999877929688,73.91999816894531
374,CHD,Consumer Staples,Household Products,S&P 500,87.0,27,13,8,25,91.9000015258789,93.93000030517578,91.68009948730469,92.94999694824219
375,TSCO,Consumer Discretionary,Other Specialty Retail,S&P 500,86.9,27,24,38,58,53.529998779296875,54.63999938964844,53.16999816894531,53.400001525878906
376,APD,Materials,Industrial Gases,S&P 500,86.9,27,11,8,37,263.79998779296875,267.21728515625,262.739990234375,264.0400085449219
377,KIM,Real Estate,Retail REITs,S&P 500,86.87,27,24,43,32,20.93000030517578,21.114999771118164,20.649999618530273,20.760000228881836
378,KVUE,Consumer Staples,Personal Care Products,S&P 500,86.67,27,13,1,33,17.31999969482422,17.809999465942383,17.315000534057617,17.75
379,SJM,Consumer Staples,Packaged Foods & Meats,S&P 500,86.66,26,23,21,26,101.44999694824219,102.79000091552734,100.66999816894531,102.08000183105469
380,CMCSA,Communication Services,Cable & Satellite,S&P 500,86.58,26,10,6,19,28.93000030517578,29.440000534057617,28.864999771118164,29.229999542236328
381,DELL,Information Technology,"Technology Hardware, Storage & Peripherals",S&P 500,86.54,26,58,91,89,114.2249984741211,119.58999633789062,114.11499786376953,117.16999816894531
382,MSFT,Information Technology,Systems Software,S&P 500,86.51,26,48,73,86,448.0400085449219,452.8399963378906,444.7349853515625,451.1400146484375
383,NKE,Consumer Discretionary,"Apparel, Accessories & Luxury Goods",S&P 500,86.49,25,8,26,63,65.41000366210938,66.55000305175781,65.25,65.45999908447266
384,ETN,Industrials,Electrical Components & Equipment,S&P 500,86.49,25,21,64,84,342.1199951171875,343.0,331.6099853515625,334.0400085449219
385,DOC,Real Estate,Health Care REITs,S&P 500,86.44,25,12,41,11,17.93000030517578,18.030000686645508,17.68000030517578,17.790000915527344
386,MA,Financials,Transaction & Payment Processing Services,S&P 500,86.33,25,48,51,56,529.9199829101562,533.1799926757812,523.8099975585938,532.8599853515625
387,TPL,Energy,Oil & Gas Exploration & Production,S&P 500,86.27,25,10,5,9,344.5899963378906,351.9599914550781,342.3700866699219,345.7799987792969
388,SO,Utilities,Electric Utilities,S&P 500,86.04,25,28,51,55,89.12999725341797,89.44999694824219,87.38999938964844,87.51000213623047
389,IRM,Real Estate,Other Specialized REITs,S&P 500,85.94,24,8,49,29,94.25,95.12000274658203,93.19999694824219,93.8499984741211
390,PODD,Health Care,Health Care Equipment,S&P 500,85.89,24,32,77,79,284.9599914550781,287.4100036621094,275.1199951171875,280.0
391,V,Financials,Transaction & Payment Processing Services,S&P 500,85.86,24,49,51,61,326.4599914550781,328.3299865722656,324.0,326.3599853515625
392,EQIX,Real Estate,Data Center REITs,S&P 500,85.81,24,18,35,18,796.5999755859375,801.8599853515625,788.3699951171875,792.760009765625
393,DASH,Consumer Discretionary,Specialized Consumer Services,S&P 500,85.8,24,55,89,96,208.87229919433594,214.2100067138672,207.17999267578125,207.64999389648438
394,BLDR,Industrials,Building Products,S&P 500,85.76,23,5,7,13,127.6500015258789,129.84500122070312,124.37000274658203,125.25
395,AWK,Utilities,Water Utilities,S&P 500,85.71,23,33,44,39,131.0800018310547,132.67669677734375,129.8300018310547,131.55999755859375
396,UNH,Health Care,Managed Health Care,S&P 500,85.7,23,9,35,0,347.17999267578125,354.95001220703125,347.1700134277344,354.4700012207031
397,AMCR,Materials,Paper & Plastic Packaging Products & Materials,S&P 500,85.45,23,25,5,30,42.349998474121094,43.130001068115234,42.314998626708984,42.77000045776367
398,PG,Consumer Staples,Personal Care Products,S&P 500,85.32,23,17,25,20,148.0800018310547,150.91000366210938,147.5,149.92999267578125
399,CTAS,Industrials,Diversified Support Services,S&P 500,85.27,23,28,15,56,195.77999877929688,196.47000122070312,192.4499969482422,193.07000732421875
400,CEG,Utilities,Electric Utilities,S&P 500,85.26,22,84,92,94,300.5,302.7300109863281,286.8999938964844,287.3500061035156
401,TRMB,Information Technology,Electronic Equipment & Instruments,S&P 500,85.23,22,59,67,91,70.63999938964844,71.70999908447266,70.51000213623047,71.4800033569336
402,MAA,Real Estate,Multi-Family Residential REITs,S&P 500,84.9,22,24,13,23,135.25999450683594,137.1300048828125,134.3000030517578,134.66000366210938
403,KKR,Financials,Asset Management & Custody Banks,S&P 500,84.87,22,32,9,68,125.47000122070312,127.0,123.4000015258789,123.4800033569336
404,PEG,Utilities,Electric Utilities,S&P 500,84.87,22,35,30,62,79.33999633789062,79.87999725341797,78.61499786376953,79.4000015258789
405,MOS,Materials,Fertilizers & Agricultural Chemicals,S&P 500,84.8,21,4,31,84,27.81999969482422,28.78499984741211,27.709999084472656,28.15999984741211
406,LEN,Consumer Discretionary,Homebuilding,S&P 500,84.71,21,12,43,7,118.0,119.2300033569336,114.18009948730469,114.70999908447266
407,VST,Utilities,Electric Utilities,S&P 500,84.71,21,29,89,98,161.92999267578125,163.4499969482422,159.16000366210938,160.36000061035156
408,RSG,Industrials,Environmental & Facilities Services,S&P 500,84.69,21,22,29,48,214.3699951171875,216.27000427246094,213.97999572753906,215.75
409,AON,Financials,Insurance Brokers,S&P 500,84.45,21,31,24,36,331.989990234375,336.57501220703125,330.5299987792969,335.9599914550781
410,EOG,Energy,Oil & Gas Exploration & Production,S&P 500,84.38,20,11,12,39,107.45999908447266,107.80999755859375,105.2699966430664,106.31999969482422
411,T,Communication Services,Integrated Telecommunication Services,S&P 500,84.31,20,20,38,76,23.56999969482422,23.825000762939453,23.5,23.579999923706055
412,BXP,Real Estate,Office REITs,S&P 500,84.28,20,34,46,22,66.54000091552734,67.51000213623047,65.37000274658203,65.4000015258789
413,LYV,Communication Services,Movies & Entertainment,S&P 500,84.18,20,30,64,80,140.42999267578125,141.7100067138672,137.50999450683594,138.13999938964844
414,DLR,Real Estate,Data Center REITs,S&P 500,84.1,20,19,55,59,159.64999389648438,160.44500732421875,158.18649291992188,158.7100067138672
415,PCG,Utilities,Multi-Utilities,S&P 500,84.05,19,42,42,4,15.239999771118164,15.380000114440918,15.0,15.100000381469727
416,ESS,Real Estate,Multi-Family Residential REITs,S&P 500,83.94,19,25,22,19,257.0299987792969,259.4800109863281,252.78500366210938,252.9499969482422
417,SYK,Health Care,Health Care Equipment,S&P 500,83.76,19,26,34,54,362.9200134277344,364.9800109863281,358.3800048828125,358.6700134277344
418,EQR,Real Estate,Multi-Family Residential REITs,S&P 500,83.63,19,23,20,15,61.310001373291016,61.779998779296875,60.63999938964844,60.959999084472656
419,KR,Consumer Staples,Food Retail,S&P 500,83.47,19,25,48,65,64.04000091552734,64.22000122070312,61.85499954223633,62.650001525878906
420,PANW,Information Technology,Systems Software,S&P 500,83.36,18,26,71,27,182.27999877929688,183.09500122070312,180.77999877929688,182.27000427246094
421,GEN,Information Technology,Systems Software,S&P 500,83.24,18,31,30,65,25.270000457763672,25.549999237060547,25.014999389648438,25.219999313354492
422,NCLH,Consumer Discretionary,"Hotels, Resorts & Cruise Lines",S&P 500,83.17,18,53,48,88,21.190000534057617,21.329999923706055,20.764999389648438,20.81999969482422
423,NTAP,Information Technology,"Technology Hardware, Storage & Peripherals",S&P 500,82.98,18,37,62,32,97.94999694824219,99.55999755859375,97.0009994506836,99.25
424,AIG,Financials,Multi-line Insurance,S&P 500,82.94,18,62,40,34,71.62000274658203,72.38999938964844,71.36000061035156,72.30999755859375
425,AXON,Industrials,Aerospace & Defense,S&P 500,82.73,17,16,82,96,612.0,617.989990234375,598.3599853515625,607.2899780273438
426,MDLZ,Consumer Staples,Packaged Foods & Meats,S&P 500,82.72,17,10,21,34,57.2599983215332,58.209999084472656,57.20500183105469,57.58000183105469
427,BBY,Consumer Discretionary,Computer & Electronics Retail,S&P 500,82.61,17,29,70,8,66.97000122070312,67.62000274658203,66.59500122070312,67.05999755859375
428,CI,Health Care,Health Care Services,S&P 500,82.57,17,21,33,6,274.75,280.7300109863281,274.4150085449219,280.3900146484375
429,LII,Industrials,Building Products,S&P 500,82.56,17,13,4,47,518.030029296875,522.27001953125,501.17999267578125,509.67999267578125
430,SW,Materials,Paper & Plastic Packaging Products & Materials,S&P 500,82.52,17,9,19,37,42.25,42.45500183105469,41.709999084472656,41.779998779296875
431,FICO,Information Technology,Application Software,S&P 500,82.51,16,32,27,2,1546.7900390625,1572.489990234375,1526.3299560546875,1556.949951171875
432,EG,Financials,Reinsurance,S&P 500,82.34,16,27,32,23,322.3599853515625,323.32000732421875,319.0,321.70001220703125
433,PGR,Financials,Property & Casualty Insurance,S&P 500,82.34,16,17,13,28,201.74000549316406,207.14999389648438,201.38999938964844,206.9199981689453
434,GRMN,Consumer Discretionary,Consumer Electronics,S&P 500,82.27,16,23,82,75,206.0,207.75999450683594,204.47999572753906,206.1199951171875
435,VICI,Real Estate,Hotel & Resort REITs,S&P 500,82.26,16,19,35,51,28.329999923706055,28.600000381469727,28.139999389648438,28.190000534057617
436,BF.B,Consumer Staples,Distillers & Vintners,S&P 500,82.24,15,21,5,3,28.200000762939453,28.239999771118164,27.729999542236328,27.93000030517578
437,PDD,Technology,EDP Services,Nasdaq 100,82.21,15,24,76,32,107.0,107.72000122070312,105.30000305175781,106.0199966430664
438,CARR,Industrials,Building Products,S&P 500,81.94,15,6,6,33,58.33000183105469,58.41999816894531,57.064998626708984,57.439998626708984
439,FFIV,Information Technology,Communications Equipment,S&P 500,81.79,15,15,66,87,263.57000732421875,267.4049987792969,261.05999755859375,262.0
440,KDP,Consumer Staples,Soft Drinks & Non-alcoholic Beverages,S&P 500,81.42,15,25,4,31,27.66699981689453,27.719999313354492,27.325000762939453,27.549999237060547
441,ADSK,Information Technology,Application Software,S&P 500,81.32,14,34,53,58,268.32501220703125,271.44000244140625,263.1499938964844,269.7699890136719
442,HRL,Consumer Staples,Packaged Foods & Meats,S&P 500,81.17,14,14,4,21,24.3700008392334,24.8075008392334,24.344999313354492,24.360000610351562
443,DPZ,Consumer Discretionary,Restaurants,S&P 500,81.1,14,31,18,43,399.5199890136719,408.0,397.0,405.3299865722656
444,MOH,Health Care,Managed Health Care,S&P 500,81.09,14,0,1,0,193.41000366210938,199.0,194.0,198.75
445,WST,Health Care,Health Care Supplies,S&P 500,80.81,14,57,66,16,256.17999267578125,258.739990234375,247.02999877929688,247.77999877929688
446,PSKY,Communication Services,Movies & Entertainment,S&P 500,80.62,13,37,93,66,11.710000038146973,11.9399995803833,11.649999618530273,11.779999732971191
447,MSI,Information Technology,Communications Equipment,S&P 500,80.62,13,8,32,36,396.55999755859375,399.05999755859375,394.8418884277344,397.489990234375
448,ADP,Industrials,Human Resource & Employment Services,S&P 500,80.16,13,14,23,55,257.19500732421875,260.05999755859375,256.5299987792969,259.8550109863281
449,AMT,Real Estate,Telecom Tower REITs,S&P 500,80.07,13,13,19,32,177.2899932861328,181.07989501953125,176.51499938964844,176.9499969482422
450,AVB,Real Estate,Multi-Family Residential REITs,S&P 500,79.99,13,17,17,12,179.08999633789062,179.41000366210938,174.47000122070312,175.75999450683594
451,INVH,Real Estate,Single-Family Residential REITs,S&P 500,79.93,12,13,15,18,27.56999969482422,27.69499969482422,26.954999923706055,27.020000457763672
452,SBAC,Real Estate,Telecom Tower REITs,S&P 500,79.82,12,20,14,35,186.52000427246094,188.74000549316406,184.71499633789062,185.2899932861328
453,GPN,Financials,Transaction & Payment Processing Services,S&P 500,79.76,12,16,34,10,73.91999816894531,76.47000122070312,73.75,75.94000244140625
454,MRSH,Financials,Insurance Brokers,S&P 500,79.44,12,12,12,14,178.7899932861328,180.72999572753906,178.30499267578125,180.64999389648438
455,CCI,Real Estate,Telecom Tower REITs,S&P 500,79.43,12,18,28,46,87.12000274658203,87.96499633789062,86.16000366210938,86.19000244140625
456,BSX,Health Care,Health Care Equipment,S&P 500,79.34,11,30,37,68,91.91999816894531,93.05000305175781,90.93000030517578,91.29000091552734
457,BR,Industrials,Data Processing & Outsourced Services,S&P 500,79.33,11,30,31,61,207.67999267578125,211.3300018310547,207.3000030517578,209.7899932861328
458,XYZ,Financials,Transaction & Payment Processing Services,S&P 500,79.18,11,16,59,71,63.97999954223633,65.67739868164062,63.97999954223633,65.05000305175781
459,PTC,Information Technology,Application Software,S&P 500,78.96,11,28,63,84,162.6999969482422,164.74000549316406,162.26499938964844,164.7100067138672
460,DECK,Consumer Discretionary,Footwear,S&P 500,78.59,11,6,0,2,102.33000183105469,103.93000030517578,100.86000061035156,101.62000274658203
461,EFX,Industrials,Research & Consulting Services,S&P 500,78.31,11,11,17,13,213.4199981689453,216.1699981689453,212.89999389648438,214.0800018310547
462,CMG,Consumer Discretionary,Restaurants,S&P 500,78.29,10,3,4,3,40.77000045776367,41.20000076293945,40.45000076293945,40.540000915527344
463,ORCL,Information Technology,Application Software,S&P 500,78.25,10,22,96,98,179.3699951171875,180.16000366210938,176.5,178.17999267578125
464,ABT,Health Care,Health Care Equipment,S&P 500,77.84,10,32,40,47,107.52999877929688,113.9000015258789,105.79000091552734,108.61000061035156
465,MKC,Consumer Staples,Packaged Foods & Meats,S&P 500,77.34,10,27,15,20,63.290000915527344,65.62000274658203,60.599998474121094,61.20000076293945
466,CLX,Consumer Staples,Household Products,S&P 500,77.14,10,2,6,11,110.91000366210938,113.62999725341797,110.80000305175781,112.19999694824219
467,GIS,Consumer Staples,Packaged Foods & Meats,S&P 500,77.12,9,14,9,5,43.84000015258789,44.7755012512207,43.81999969482422,44.4900016784668
468,LULU,Consumer Discretionary,"Apparel, Accessories & Luxury Goods",S&P 500,76.91,9,15,0,1,191.0,196.27999877929688,190.8800048828125,194.66000366210938
469,CAG,Consumer Staples,Packaged Foods & Meats,S&P 500,76.79,9,7,4,1,17.25,17.65999984741211,17.25,17.469999313354492
470,ZBH,Health Care,Health Care Equipment,S&P 500,76.46,9,14,42,10,86.55000305175781,88.5999984741211,86.41000366210938,87.54000091552734
471,^VIX,--- Reference ---,--- Reference ---,--- Reference ---,76.36,9,4,14,6,16.649999618530273,16.670000076293945,15.270000457763672,15.640000343322754
472,POOL,Consumer Discretionary,Distributors,S&P 500,75.83,8,1,17,20,267.7699890136719,269.95989990234375,265.8599853515625,266.82000732421875
473,CRM,Information Technology,Application Software,S&P 500,75.6,8,28,16,17,222.24000549316406,228.72000122070312,221.11000061035156,228.08999633789062
474,KHC,Consumer Staples,Packaged Foods & Meats,S&P 500,75.45,8,16,9,16,22.290000915527344,22.780000686645508,22.25,22.719999313354492
475,IP,Materials,Paper & Plastic Packaging Products & Materials,S&P 500,75.22,8,4,23,36,43.0099983215332,43.14500045776367,41.7599983215332,41.84000015258789
476,AJG,Financials,Insurance Brokers,S&P 500,75.02,8,8,25,25,249.19000244140625,252.11000061035156,247.1300048828125,250.3800048828125
477,ZS,Technology,EDP Services,Nasdaq 100,74.94,7,22,93,92,211.2100067138672,211.36500549316406,207.3699951171875,208.30999755859375
478,SWKS,Information Technology,Semiconductors,S&P 500,74.85,7,9,32,7,59.130001068115234,61.79999923706055,58.849998474121094,59.66999816894531
479,FIS,Financials,Transaction & Payment Processing Services,S&P 500,74.38,7,21,5,33,60.599998474121094,61.53499984741211,60.3849983215332,61.29999923706055
480,KMB,Consumer Staples,Household Products,S&P 500,74.38,7,3,20,25,99.98999786376953,102.45780181884766,99.56999969482422,102.19000244140625
481,FTNT,Information Technology,Systems Software,S&P 500,74.25,7,11,12,73,76.4800033569336,77.80500030517578,76.3301010131836,77.62000274658203
482,INTU,Information Technology,Application Software,S&P 500,74.24,6,35,40,86,527.780029296875,548.25,527.0900268554688,547.6900024414062
483,CSGP,Real Estate,Real Estate Services,S&P 500,73.71,6,7,22,84,64.87000274658203,67.79000091552734,64.7300033569336,66.26000213623047
484,VRSK,Industrials,Research & Consulting Services,S&P 500,73.62,6,5,5,30,216.85000610351562,219.44000244140625,215.99000549316406,218.5
485,CPRT,Industrials,Diversified Support Services,S&P 500,73.46,6,2,9,4,41.349998474121094,41.790000915527344,41.15999984741211,41.27000045776367
486,ZTS,Health Care,Pharmaceuticals,S&P 500,73.37,6,5,16,9,124.2699966430664,126.47000122070312,123.7300033569336,124.4000015258789
487,ADBE,Information Technology,Application Software,S&P 500,71.95,5,20,12,5,295.989990234375,301.79998779296875,295.20001220703125,299.7300109863281
488,ERIE,Financials,Insurance Brokers,S&P 500,71.9,5,5,8,16,280.0,286.364990234375,278.9599914550781,285.3500061035156
489,TYL,Information Technology,Application Software,S&P 500,71.84,5,6,17,41,435.760009765625,443.4739990234375,435.0249938964844,440.5799865722656
490,CPB,Consumer Staples,Packaged Foods & Meats,S&P 500,71.58,5,6,7,3,26.09000015258789,26.7549991607666,26.079999923706055,26.549999237060547
491,ZBRA,Information Technology,Electronic Equipment & Instruments,S&P 500,71.5,5,3,24,57,247.02999877929688,248.77999877929688,243.6699981689453,246.8300018310547
492,FDS,Financials,Financial Exchanges & Data,S&P 500,71.37,5,3,0,17,285.54998779296875,290.2099914550781,285.8399963378906,288.7900085449219
493,TMUS,Communication Services,Wireless Telecommunication Services,S&P 500,70.96,4,7,24,52,183.85499572753906,186.25,183.85499572753906,185.38999938964844
494,ARM,Technology,Semiconductors,Nasdaq 100,70.94,4,4,78,51,120.55000305175781,123.5,118.6500015258789,119.19999694824219
495,PAYX,Industrials,Human Resource & Employment Services,S&P 500,70.94,4,10,10,45,107.43000030517578,108.5199966430664,107.0,107.19000244140625
496,PYPL,Financials,Transaction & Payment Processing Services,S&P 500,70.84,4,5,21,24,56.59000015258789,57.54999923706055,56.54999923706055,57.150001525878906
497,BRO,Financials,Insurance Brokers,S&P 500,70.5,4,2,10,10,77.62000274658203,78.69999694824219,77.5199966430664,78.62000274658203
498,WDAY,Information Technology,Application Software,S&P 500,69.92,3,12,33,23,184.66000366210938,189.02000427246094,183.33999633789062,188.17999267578125
499,CDW,Information Technology,Technology Distributors,S&P 500,69.57,3,7,8,18,128.4199981689453,130.39999389648438,127.6500015258789,129.30999755859375
500,DVA,Health Care,Health Care Services,S&P 500,69.16,3,6,6,21,107.33000183105469,110.42500305175781,107.20500183105469,109.16999816894531
501,NFLX,Communication Services,Movies & Entertainment,S&P 500,69.09,3,9,59,90,85.01499938964844,85.0999984741211,82.9800033569336,83.54000091552734
502,COIN,Financials,Financial Exchanges & Data,S&P 500,68.73,3,11,90,98,228.60499572753906,230.75,223.02000427246094,223.13999938964844
503,ROP,Information Technology,Electronic Equipment & Instruments,S&P 500,68.55,2,8,11,34,404.0199890136719,410.0,403.6600036621094,407.4800109863281
504,SMCI,Information Technology,"Technology Hardware, Storage & Peripherals",S&P 500,67.72,2,1,67,96,33.005001068115234,33.48500061035156,32.369998931884766,32.45000076293945
505,BAX,Health Care,Health Care Equipment,S&P 500,67.44,2,1,2,0,19.969999313354492,20.44499969482422,19.799999237060547,20.06999969482422
506,LW,Consumer Staples,Packaged Foods & Meats,S&P 500,66.56,2,3,61,28,44.439998626708984,45.349998474121094,43.880001068115234,44.11000061035156
507,HPQ,Information Technology,"Technology Hardware, Storage & Peripherals",S&P 500,65.91,2,9,32,5,19.670000076293945,20.200000762939453,19.65999984741211,19.829999923706055
508,ARE,Real Estate,Office REITs,S&P 500,65.11,1,0,15,9,58.61000061035156,59.380001068115234,57.90999984741211,58.09000015258789
509,PAYC,Industrials,Human Resource & Employment Services,S&P 500,64.09,1,2,23,76,150.67999267578125,153.5500030517578,150.00799560546875,152.57000732421875
510,IT,Information Technology,IT Consulting & Other Services,S&P 500,64.0,1,1,0,1,233.61000061035156,238.55999755859375,233.61000061035156,237.1199951171875
511,TRI,Technology,Computer Software,Nasdaq 100,62.89,1,4,16,72,120.0,122.48500061035156,119.8949966430664,121.8499984741211
512,NOW,Information Technology,Systems Software,S&P 500,60.28,1,5,23,38,126.0,128.72999572753906,125.11000061035156,128.55999755859375
513,GDDY,Information Technology,Internet Services & Infrastructure,S&P 500,59.77,0,1,2,17,105.30000305175781,106.30000305175781,105.11000061035156,105.9800033569336
514,TEAM,Technology,Computer Software,Nasdaq 100,58.5,0,7,2,14,123.19999694824219,128.77000427246094,122.98500061035156,128.44000244140625
515,CHTR,Communication Services,Cable & Satellite,S&P 500,56.99,0,0,2,2,188.80999755859375,194.5084991455078,187.69000244140625,192.6699981689453
516,TTD,Communication Services,Advertising,S&P 500,50.63,0,0,0,68,35.744998931884766,36.95000076293945,35.630001068115234,36.81999969482422
517,MSTR,Technology,Computer Software,Nasdaq 100,43.26,0,0,13,94,163.72500610351562,164.61599731445312,159.44000244140625,160.97999572753906
518,FISV,Financials,Transaction & Payment Processing Services,S&P 500,38.82,0,0,1,2,66.0250015258789,67.55000305175781,65.98999786376953,67.4000015258789
